STATE_NAME,COUNTY_NAME,TOTAL_POPULATION,RUCC
Virginia,Alexandria,154706,1
Virginia,Westmoreland,18731,8
Vermont,Chittenden,168865,3
Texas,Trinity,13827,8
Vermont,Franklin,50325,3
Virginia,Orange,37188,6
Texas,Val Verde,47564,5
Texas,Upshur,41774,2
Virginia,Henrico,333554,1
Virginia,Fairfax City,24276,1
Texas,Walker,77977,4
Virginia,Craig,4865,2
Virginia,Portsmouth,97840,1
Virginia,Prince Edward,21932,6
Texas,Smith,237186,3
Vermont,Lamoille,26126,8
Texas,Webb,267945,2
Utah,Wasatch,36173,4
Virginia,Amherst,31273,2
Virginia,Sussex,10763,1
Texas,Wood,45875,6
Virginia,Norfolk,235089,1
Texas,Throckmorton,1495,9
Texas,Van Zandt,61275,8
Utah,Kane,7992,8
Texas,Travis,1305154,1
Washington,Asotin,22397,3
Virginia,Warren,40925,1
Virginia,Campbell,55492,2
Texas,Swisher,7008,8
Texas,Sherman,2798,9
Virginia,Salem,25373,2
Virginia,Nottoway,15594,8
Washington,Clark,511404,1
Virginia,Scott,21419,2
Virginia,New Kent,23897,1
Utah,Emery,9967,9
Vermont,Windham,46090,7
Virginia,Richmond City,226604,1
Utah,Rich,2597,8
Utah,Grand,9663,7
Texas,Shelby,23939,7
Virginia,Page,23807,8
Virginia,Dickenson,13787,9
Texas,San Augustine,7922,9
Vermont,Caledonia,30403,9
Texas,Willacy,20316,6
Virginia,Fredericksburg,28367,1
Virginia,Bristol,17054,2
Utah,Iron,60519,4
Vermont,Orange,29541,9
Virginia,Petersburg,33429,1
Virginia,Staunton,25661,3
Virginia,Falls Church,14493,1
Virginia,Franklin,54938,2
Utah,Sanpete,29106,6
Virginia,Lancaster,10928,9
Texas,Williamson,643026,1
Virginia,Bland,6173,8
Virginia,Appomattox,16353,2
Texas,Stonewall,1217,9
Texas,Taylor,143326,3
Virginia,Hopewell,23140,1
Virginia,Floyd,15566,3
Utah,Wayne,2558,9
Virginia,Spotsylvania,143676,1
Texas,Sterling,1381,8
Utah,Uintah,36204,7
Virginia,Prince George,42880,1
Virginia,Winchester,28136,3
Virginia,Halifax,33738,6
Virginia,Manassas,42708,1
Virginia,Waynesboro,22550,3
Vermont,Windsor,58196,7
Virginia,Highland,2226,8
Virginia,Danville,42215,4
Texas,Titus,31183,7
Virginia,Fauquier,73815,1
Virginia,Virginia Beach,457672,1
Virginia,Russell,25550,8
Utah,Sevier,21906,7
Virginia,Fairfax,1139720,1
Texas,Tom Green,119411,3
Utah,Morgan,12657,2
Virginia,Colonial Heights,18273,1
Virginia,Loudoun,427592,1
Virginia,Bedford,80131,2
Virginia,Wythe,28178,6
Utah,Beaver,7249,9
Virginia,Albemarle,113535,3
Virginia,Dinwiddie,27912,1
Virginia,Augusta,77563,3
Vermont,Essex,5925,9
Virginia,Clarke,14881,1
Virginia,Montgomery,98473,3
Virginia,Nelson,14790,3
Texas,Young,17977,7
Texas,Tyler,20077,8
Vermont,Grand Isle,7421,3
Virginia,Buckingham,16947,8
Virginia,Giles,16562,3
Virginia,Charlottesville,45672,3
Texas,Shackelford,3212,8
Virginia,Mecklenburg,30248,7
Utah,Utah,684986,2
Texas,Rusk,52743,2
Texas,Scurry,16824,7
Virginia,Cumberland,9681,8
Texas,Roberts,797,9
Virginia,Goochland,25488,1
Texas,Schleicher,2429,8
Virginia,Radford,16499,3
Virginia,Fluvanna,27723,3
Virginia,Essex,10573,8
Utah,Davis,367285,2
Texas,Ward,11194,6
Utah,Duchesne,19790,7
Utah,Box Elder,59688,4
Texas,Wheeler,4927,9
Texas,Terrell,724,9
Virginia,Manassas Park,17002,1
Virginia,Isle of Wight,39278,1
Virginia,Greene,20968,3
Texas,San Jacinto,27878,1
Virginia,Wise,35647,7
Virginia,Greensville,11437,6
Utah,Garfield,5129,9
Virginia,Gloucester,39069,1
Virginia,Smyth,29477,7
Virginia,Lynchburg,79009,2
Virginia,Chesterfield,370688,1
Virginia,Rockbridge,22641,6
Virginia,Charlotte,11448,8
Texas,Reeves,14487,7
Texas,Winkler,7415,6
Virginia,Botetourt,33866,2
Utah,San Juan,14489,9
Utah,Carbon,20372,7
Virginia,Alleghany,14986,6
Virginia,Suffolk,96194,1
Virginia,Grayson,15359,9
Virginia,Poquoson,12574,1
Virginia,King George,27489,8
Virginia,Charles City,6594,1
Texas,Refugio,6756,8
Virginia,Carroll,29048,6
Virginia,Stafford,160877,1
Vermont,Rutland,60591,7
Virginia,Frederick,93717,3
Washington,Chelan,79646,3
Virginia,Shenandoah,44752,6
Virginia,Emporia,5667,6
Virginia,Roanoke,96589,2
Virginia,Rockingham,84394,3
Virginia,Roanoke City,98865,2
Texas,Tarrant,2126477,1
Virginia,Prince William,484472,1
Texas,Zapata,13908,6
Virginia,Accomack,33246,9
Texas,Wilbarger,12731,6
Virginia,Buchanan,19816,9
Utah,Summit,43093,4
Texas,Waller,59781,1
Vermont,Orleans,27546,9
Utah,Juab,12155,2
Virginia,Richmond,9017,9
Washington,Benton,210025,2
Texas,Sabine,10039,9
Texas,Starr,66049,4
Virginia,Martinsville,13517,4
Virginia,Buena Vista,6601,6
Texas,Wharton,41721,4
Virginia,Norton,3666,7
Texas,Uvalde,24729,6
Virginia,Chesapeake,251269,1
Washington,Clallam,78209,5
Virginia,Brunswick,15940,8
Virginia,King William,18171,1
Virginia,York,70915,1
Virginia,Northumberland,12029,9
Virginia,Franklin City,8217,6
Texas,Upton,3265,8
Utah,Washington,191226,3
Texas,Sutton,3319,9
Virginia,Southampton,18006,6
Virginia,Arlington,232965,1
Virginia,Louisa,38848,8
Virginia,James City,79882,1
Texas,Yoakum,7607,9
Utah,Piute,1487,9
Virginia,Pittsylvania,59972,4
Texas,San Patricio,69699,2
Texas,Victoria,90964,3
Texas,Zavala,9534,7
Virginia,Middlesex,10781,8
Virginia,Patrick,17602,8
Virginia,Henry,50248,4
Virginia,King and Queen,6662,1
Virginia,Northampton,12085,8
Virginia,Lexington,7456,6
Texas,Runnels,9943,8
Virginia,Caroline,31332,8
Virginia,Culpeper,53596,1
Texas,Somervell,9469,8
Texas,Stephens,9173,7
Virginia,Newport News,184587,1
Washington,Columbia,4042,8
Utah,Weber,267066,2
Virginia,Hanover,111603,1
Virginia,Lunenburg,11926,9
Texas,Wilson,51257,1
Utah,Salt Lake,1186421,1
Texas,Rockwall,116381,1
Texas,Robertson,16958,2
Virginia,Madison,13942,8
Virginia,Covington,5717,6
Virginia,Galax,6660,6
Virginia,Rappahannock,7407,1
Virginia,Powhatan,31136,1
Utah,Cache,137417,3
Texas,Wichita,130069,3
Virginia,Bath,4114,9
Washington,Adams,20621,6
Utah,Millard,13164,9
Vermont,Washington,59969,4
Utah,Daggett,976,9
Virginia,Williamsburg,15590,1
Virginia,Tazewell,39925,7
Texas,Washington,35891,6
Virginia,Surry,6530,1
Virginia,Pulaski,33759,3
Virginia,Mathews,8546,1
Virginia,Lee,21983,8
Vermont,Bennington,37312,6
Texas,Terry,11754,6
Virginia,Hampton,137746,1
Vermont,Addison,37260,6
Utah,Tooele,76640,1
Texas,Wise,71714,1
Virginia,Amelia,13268,1
Virginia,Harrisonburg,51430,3
Virginia,Washington,53635,2
Texas,San Saba,5827,9
Washington,Whatcom,228831,3
Wisconsin,Kenosha,168732,3
Washington,Jefferson,33605,6
Washington,Kittitas,45499,4
Washington,Cowlitz,111524,3
Wisconsin,Sheboygan,117747,3
West Virginia,Raleigh,73771,3
West Virginia,Tucker,6672,9
Wisconsin,Dane,563951,2
West Virginia,Summers,11908,8
Wisconsin,Pierce,42587,1
Wyoming,Big Horn,11632,9
Wyoming,Platte,8699,8
Wisconsin,Grant,52110,6
West Virginia,Doddridge,7735,9
Wisconsin,Juneau,26802,8
West Virginia,Randolph,27806,7
Washington,Pacific,23948,7
Washington,Skamania,12170,1
West Virginia,Ritchie,8383,8
Washington,Lewis,84398,4
West Virginia,Calhoun,6176,8
Wisconsin,Crawford,16075,6
Wisconsin,Polk,45431,8
Wisconsin,Marathon,137648,3
West Virginia,Braxton,12247,8
Wyoming,Sublette,8697,9
West Virginia,Webster,8249,9
Wyoming,Uinta,20635,7
West Virginia,Lewis,16892,9
Wisconsin,Taylor,19923,8
West Virginia,Marion,56001,4
Washington,Skagit,130696,3
Washington,San Juan,18557,9
West Virginia,Berkeley,126069,2
Wisconsin,Langlade,19502,6
Wisconsin,Menominee,4289,9
Washington,Kitsap,274314,2
West Virginia,Mingo,23005,8
Wisconsin,Eau Claire,106452,3
Wyoming,Sheridan,31646,7
West Virginia,Mercer,59097,4
West Virginia,Lincoln,20126,8
Washington,Stevens,47426,2
Wisconsin,Waukesha,408756,1
Wisconsin,Sauk,65697,4
Washington,Snohomish,833540,1
Washington,Walla Walla,62682,3
Wisconsin,Buffalo,13302,8
Wyoming,Washakie,7705,9
Wisconsin,Marinette,41875,6
Washington,Pend Oreille,13886,8
Wisconsin,Dodge,89313,4
West Virginia,Wyoming,21051,8
Wisconsin,Green Lake,19229,6
West Virginia,Pocahontas,7841,9
Wisconsin,Rock,164381,3
Wisconsin,Milwaukee,928059,1
West Virginia,Roane,13898,8
Wisconsin,Calumet,52539,3
West Virginia,McDowell,18363,9
West Virginia,Wetzel,14170,7
West Virginia,Tyler,8155,9
Wyoming,Sweetwater,41614,5
Washington,Pierce,925708,1
Wyoming,Teton,23575,7
Wisconsin,Jackson,21121,8
Wyoming,Carbon,14649,7
Washington,Garfield,2346,8
West Virginia,Pleasants,7601,8
Wisconsin,Marquette,15792,8
Wisconsin,Price,14050,9
West Virginia,Brooke,22140,3
Wyoming,Lincoln,20153,9
West Virginia,Nicholas,24300,8
Washington,Douglas,43696,3
Wyoming,Natrona,79555,3
Wisconsin,Barron,46719,6
West Virginia,Wood,83624,3
Wyoming,Johnson,8623,9
Washington,Spokane,546040,2
Washington,Mason,67615,4
Wisconsin,Racine,196896,3
Washington,Whitman,47873,4
Washington,Yakima,256035,2
Wisconsin,Fond du Lac,104362,3
West Virginia,Fayette,39927,3
West Virginia,Mineral,26857,7
Wisconsin,Ozaukee,92497,1
West Virginia,Hampshire,23302,3
Wisconsin,Oneida,38259,7
Wisconsin,Pepin,7364,8
Wisconsin,Shawano,40859,6
Wisconsin,Manitowoc,81505,4
Wyoming,Laramie,100863,3
West Virginia,Ohio,41776,3
Washington,Wahkiakum,4582,8
Wisconsin,Forest,9258,9
Wisconsin,Ashland,16107,7
Wisconsin,Walworth,106799,4
Wisconsin,Douglas,44203,2
West Virginia,Wirt,5063,3
West Virginia,Cabell,93418,2
Wisconsin,Iowa,23756,2
Wisconsin,Dunn,45547,6
West Virginia,Preston,34358,3
West Virginia,Marshall,30115,3
Wisconsin,Washington,137175,1
West Virginia,Putnam,57260,2
Wisconsin,Green,36988,2
West Virginia,Jackson,27738,8
West Virginia,Logan,31909,6
Washington,Thurston,297977,2
Wisconsin,Rusk,14123,8
Wyoming,Goshen,12537,7
Wyoming,Converse,13672,6
Washington,Grays Harbor,76841,4
West Virginia,Kanawha,177952,3
Wisconsin,Bayfield,16320,8
Washington,Lincoln,11232,8
Wisconsin,St. Croix,95044,1
West Virginia,Monroe,12332,8
Wisconsin,Monroe,46193,4
Wyoming,Crook,7315,9
Wisconsin,Waupaca,51570,6
West Virginia,Upshur,23791,7
West Virginia,Hancock,28656,3
West Virginia,Gilmer,7377,9
Wisconsin,Jefferson,84943,4
Wisconsin,Outagamie,191545,3
West Virginia,Barbour,15468,9
Wisconsin,Lincoln,28541,6
Washington,Okanogan,42634,6
Wisconsin,Washburn,16752,8
Washington,Klickitat,23118,9
West Virginia,Clay,7892,3
Wisconsin,Iron,6178,9
Wisconsin,Sawyer,18295,9
Washington,Franklin,98268,2
Wisconsin,Vilas,23520,9
Wisconsin,Chippewa,66865,3
Wisconsin,Florence,4593,9
Wisconsin,Portage,70468,4
Wyoming,Niobrara,2438,9
Wisconsin,Waushara,24828,8
West Virginia,Harrison,65158,5
Wisconsin,Clark,34746,8
Wisconsin,La Crosse,120433,3
Wyoming,Hot Springs,4597,9
Wyoming,Weston,6745,9
Wisconsin,Wood,74070,4
West Virginia,Boone,21312,3
Wisconsin,Adams,20875,8
Wisconsin,Lafayette,16784,8
West Virginia,Wayne,38498,2
West Virginia,Taylor,16492,6
Wisconsin,Richland,17212,8
Wisconsin,Trempealeau,30724,8
Washington,Island,87432,4
West Virginia,Pendleton,6142,8
Wisconsin,Burnett,16744,8
Wyoming,Park,30108,7
Wisconsin,Winnebago,171623,3
Wisconsin,Door,30369,6
Wyoming,Albany,37608,4
Wisconsin,Brown,269591,2
West Virginia,Hardy,14160,8
Washington,Grant,100297,5
Washington,Ferry,7273,8
Wisconsin,Oconto,39356,2
West Virginia,Greenbrier,32608,6
Wisconsin,Kewaunee,20543,2
West Virginia,Mason,25157,6
Washington,King,2252305,1
Wisconsin,Vernon,30915,3
West Virginia,Jefferson,58370,1
West Virginia,Grant,10983,9
West Virginia,Morgan,17221,2
Wisconsin,Columbia,58488,2
West Virginia,Monongalia,106387,3
Wyoming,Fremont,39336,7
Wyoming,Campbell,46401,5
Nebraska,Holt,10049,9
Missouri,St. Louis City,293310,1
Nebraska,Antelope,6279,9
Nebraska,Scotts Bluff,35745,5
Nebraska,Arthur,439,9
Missouri,Clay,255518,1
Nebraska,Wheeler,795,9
Montana,Sweet Grass,3723,8
Missouri,Gasconade,14791,8
Montana,Musselshell,4896,8
Nebraska,Keith,8279,9
Missouri,Reynolds,6087,9
Montana,Roosevelt,10821,9
Montana,Prairie,1091,9
Nebraska,Howard,6531,3
Missouri,Howard,10168,3
Nebraska,Keya Paha,787,9
Missouri,Maries,8406,8
Montana,Granite,3344,8
Nebraska,Deuel,1865,9
Montana,McCone,1718,9
Montana,Silver Bow,35411,5
Montana,Mineral,4860,3
Missouri,Laclede,36133,6
Missouri,Lafayette,32817,1
Montana,Sanders,12959,8
Nebraska,York,14244,6
Montana,Rosebud,8124,8
Missouri,Polk,32043,2
Missouri,Scotland,4693,9
Missouri,Worth,1983,9
Nebraska,Clay,6078,9
Montana,Gallatin,122713,3
Nebraska,Douglas,585008,2
Missouri,Phelps,44937,5
Nebraska,Cedar,8330,9
Montana,Glacier,13785,9
Missouri,Stone,31548,6
Nebraska,Merrick,7665,3
Missouri,Warren,36518,1
Montana,Missoula,119533,3
Missouri,Lewis,10000,9
Missouri,Mercer,3488,9
Missouri,Randolph,24760,6
Montana,Chouteau,5916,8
Nebraska,Red Willow,10623,7
Missouri,Lincoln,61586,1
Montana,Lincoln,20525,9
Nebraska,Blaine,461,9
Missouri,Johnson,54150,4
Nebraska,Brown,2908,9
Montana,Toole,5011,9
Missouri,Pettis,43188,5
Nevada,Clark,2292476,1
Missouri,Shelby,5976,9
Montana,Custer,11916,7
Nebraska,Knox,8401,9
Nebraska,Greeley,2169,8
Missouri,Jasper,123155,3
Nebraska,Johnson,5316,8
Montana,Wheatland,2059,9
Nebraska,Valley,4066,9
Montana,Deer Lodge,9491,7
Missouri,Clinton,21287,1
Nebraska,Hall,61979,3
Missouri,Webster,39735,2
Montana,Yellowstone,167146,3
Montana,Golden Valley,831,8
Missouri,Gentry,6173,8
Nebraska,Kearney,6674,9
Missouri,Marion,28518,7
Missouri,Vernon,19595,6
Montana,Lake,32033,6
Missouri,Holt,4226,8
Nebraska,Gage,21616,6
Nebraska,Boyd,1789,9
Missouri,Howell,39975,7
Missouri,Ozark,8782,9
Montana,Richland,11283,7
Missouri,St. Francois,67541,4
Missouri,Knox,3808,9
Nebraska,Kimball,3412,8
Nebraska,Franklin,2903,9
Nebraska,Gosper,1824,9
Nebraska,Banner,692,8
Nebraska,Dodge,37103,4
Nebraska,Loup,604,9
Missouri,Mississippi,12538,8
Nebraska,Lancaster,324514,2
Montana,Cascade,84511,3
Montana,Judith Basin,2044,8
Missouri,Ray,23008,1
Missouri,Nodaway,21160,6
Nebraska,Cass,27017,2
Nebraska,Webster,3411,9
Nebraska,Butler,8444,8
Missouri,Macon,15183,7
Montana,Petroleum,519,9
Missouri,Putnam,4712,9
Missouri,Daviess,8399,8
Nebraska,Grant,579,9
Nebraska,Frontier,2555,9
Montana,Jefferson,12470,3
Nebraska,Seward,17603,2
Missouri,Monroe,8712,9
Nebraska,Platte,34241,5
Montana,Flathead,108454,5
Nebraska,Cheyenne,9529,7
Montana,Pondera,5994,9
Missouri,Crawford,22807,8
Nebraska,Hitchcock,2586,9
Missouri,St. Clair,9376,8
Missouri,Franklin,105231,1
Missouri,Dade,7599,8
Missouri,Washington,23502,8
Montana,Meagher,1964,8
Missouri,Pike,17761,8
Nebraska,Colfax,10498,7
Missouri,Saline,23289,7
Montana,Beaverhead,9524,9
Montana,Carter,1428,9
Montana,Stillwater,9044,3
Montana,Wibaux,934,9
Missouri,Cooper,17115,3
Nebraska,Jefferson,7176,9
Nebraska,Madison,35337,5
Missouri,Ripley,10617,9
Missouri,Schuyler,4025,9
Nebraska,Saunders,22787,2
Montana,Powder River,1702,9
Missouri,Wayne,10914,9
Missouri,Texas,24987,9
Montana,Powell,6999,8
Missouri,Morgan,21379,8
Nebraska,Otoe,15930,6
Missouri,Osage,13379,3
Nebraska,Lincoln,34133,5
Montana,Madison,8917,8
Missouri,Dallas,17341,2
Nebraska,Dawes,8148,9
Missouri,Livingston,14755,7
Nebraska,Chase,3826,9
Missouri,New Madrid,16035,9
Missouri,Montgomery,11415,8
Missouri,Taney,56387,4
Nebraska,Nemaha,7064,9
Montana,Phillips,4192,9
Nebraska,Pierce,7313,9
Missouri,Jackson,716862,1
Missouri,Shannon,7106,9
Montana,Fallon,3017,9
Nevada,Churchill,25723,6
Missouri,Cole,77205,3
Nebraska,Washington,20969,2
Nebraska,Cherry,5458,9
Montana,Ravalli,45959,6
Montana,Lewis and Clark,72223,3
Missouri,Sullivan,5934,9
Missouri,Moniteau,15484,3
Nebraska,Thayer,4913,9
Missouri,Dent,14432,9
Nebraska,Hayes,843,9
Montana,Hill,16179,7
Missouri,Harrison,8164,9
Nebraska,Stanton,5816,9
Missouri,St. Charles,409981,1
Missouri,Hickory,8607,8
Montana,Broadwater,7288,3
Nebraska,Burt,6709,8
Nebraska,Richardson,7759,9
Nebraska,Buffalo,50339,4
Missouri,Miller,24909,6
Missouri,Lawrence,38321,6
Nebraska,Rock,1264,9
Montana,Valley,7537,9
Nebraska,Custer,10460,9
Nebraska,Boone,5386,9
Missouri,Platte,108569,1
Nebraska,Logan,687,9
Nebraska,Dundy,1635,9
Nebraska,Perkins,2832,9
Nebraska,Box Butte,10604,7
Nebraska,Saline,14192,6
Missouri,Linn,11843,9
Montana,Sheridan,3527,9
Missouri,Iron,9408,9
Missouri,Grundy,9720,7
Missouri,Newton,59386,3
Nebraska,Hooker,734,9
Montana,Carbon,10847,3
Nebraska,Pawnee,2548,9
Missouri,Oregon,8631,9
Nebraska,Sheridan,5095,9
Nebraska,Dawson,23898,7
Missouri,McDonald,23383,8
Nebraska,Sherman,2964,8
Missouri,Douglas,11732,8
Nebraska,Harlan,3091,9
Montana,Blaine,6980,9
Montana,Teton,6269,8
Nebraska,Adams,31027,4
Missouri,Stoddard,28479,6
Missouri,Pemiscot,15236,7
Montana,Treasure,768,8
Nebraska,Nuckolls,4060,9
Montana,Daniels,1686,9
Nebraska,Thomas,673,9
Nebraska,Thurston,6620,8
Nebraska,Fillmore,5546,8
Missouri,Ste. Genevieve,18588,8
Missouri,Perry,18922,6
Nebraska,Dixon,5545,8
Missouri,Dunklin,27717,7
Nebraska,Hamilton,9386,8
Montana,Park,17473,6
Montana,Liberty,1946,9
Nebraska,Polk,5174,8
Montana,Dawson,8904,7
Missouri,Scott,37840,4
Nebraska,Dakota,21241,3
Missouri,Pulaski,53816,5
Montana,Fergus,11617,7
Nebraska,Garden,1847,9
Nebraska,Nance,3390,8
Nebraska,Sioux,1143,9
Nebraska,Sarpy,193418,2
Nebraska,Morrill,4574,9
Missouri,St. Louis,997187,1
Missouri,Greene,300865,2
Nebraska,Phelps,8937,7
Nebraska,McPherson,379,9
Nebraska,Furnas,4604,9
Nebraska,Cuming,8984,9
Missouri,Wright,18610,8
Montana,Big Horn,12957,8
Missouri,Henry,22206,6
Missouri,DeKalb,11098,3
Montana,Garfield,1209,9
Missouri,Jefferson,227771,1
Missouri,Ralls,10361,9
Nebraska,Garfield,1839,9
Missouri,Madison,12652,9
Nebraska,Wayne,9784,7
Nevada,Douglas,49870,4
North Carolina,Jones,9255,8
New Jersey,Cape May,95661,2
New York,Oswego,117387,2
Nevada,Mineral,4586,8
North Carolina,Hyde,4508,9
North Carolina,Sampson,58990,6
North Carolina,Rutherford,64586,4
Nevada,Washoe,493392,2
Nevada,Elko,53915,5
North Carolina,Avery,17864,9
North Carolina,Rockingham,91266,2
North Carolina,Pitt,172169,3
New Mexico,Santa Fe,155201,3
New Mexico,Valencia,77190,2
New York,Hamilton,5119,8
New Mexico,Torrance,15307,2
North Carolina,Montgomery,25798,8
New York,Ulster,182951,3
North Carolina,Cherokee,29167,9
North Carolina,Forsyth,385523,2
North Carolina,Wilson,78369,4
New York,New York,1576876,1
New Jersey,Passaic,518117,1
North Carolina,Haywood,62476,4
New York,Orleans,40191,1
New Mexico,Sierra,11502,6
New Hampshire,Coos,31289,7
New Hampshire,Rockingham,316947,1
North Carolina,Person,39127,2
New Mexico,Socorro,16311,6
Nevada,Carson City,58993,3
New York,Warren,65618,3
New Jersey,Morris,510981,1
New York,Greene,48499,6
North Carolina,Swain,14136,9
North Carolina,Mecklenburg,1122276,1
New York,St. Lawrence,108051,4
New Jersey,Mercer,385898,2
North Carolina,Gaston,230856,1
New York,Broome,197240,3
North Carolina,Granville,61986,6
New Mexico,De Baca,1680,9
North Carolina,Beaufort,44468,6
New Mexico,Guadalupe,4449,9
North Carolina,Pender,62815,2
New Hampshire,Merrimack,155238,4
North Carolina,Richmond,42724,4
New Hampshire,Hillsborough,424079,2
New Jersey,Hudson,702463,1
New York,Richmond,493494,1
North Carolina,New Hanover,229018,2
New York,Schuyler,17752,8
Nevada,Storey,4143,2
North Carolina,Rowan,148150,1
North Carolina,Pamlico,12344,9
New York,Rensselaer,160232,2
New Mexico,Los Alamos,19330,6
North Carolina,Wayne,116835,3
New York,Madison,67658,2
North Carolina,Yancey,18757,8
New Mexico,Lincoln,20436,7
New Mexico,DoÃ±a Ana,221508,3
New Jersey,Atlantic,274966,2
North Carolina,Camden,10835,1
North Carolina,Mitchell,14963,8
North Carolina,Alleghany,11049,9
North Carolina,Greene,20417,8
New Hampshire,Strafford,132416,1
North Carolina,Iredell,191968,1
North Carolina,Stokes,44553,2
New Jersey,Camden,523771,1
New York,Dutchess,297112,2
New York,Saratoga,237359,2
New Hampshire,Grafton,92201,5
North Carolina,Martin,21754,6
New York,Herkimer,59937,2
North Carolina,Anson,22060,1
New York,Chemung,83045,3
New York,Niagara,211653,1
New Mexico,Sandoval,151369,2
New York,Yates,24613,6
North Carolina,Robeson,116328,4
New Mexico,Taos,34623,7
New York,Essex,37268,6
North Carolina,Stanly,63425,6
North Carolina,Lee,64138,4
North Carolina,Union,243648,1
New Mexico,Grant,27889,7
New York,Cattaraugus,76426,4
Nevada,White Pine,9182,9
New York,Allegany,46106,7
North Carolina,Gates,10366,1
North Carolina,Graham,8043,9
New York,Ontario,112508,1
North Carolina,Wilkes,65806,6
North Carolina,Cleveland,100359,4
Nevada,Lander,5798,9
New Mexico,Roosevelt,19019,7
New York,Schenectady,158089,2
New York,Wayne,90923,1
New Jersey,Monmouth,645354,1
North Carolina,Davie,43533,2
New Mexico,Otero,68537,4
Nevada,Esmeralda,743,9
North Carolina,Duplin,48515,8
New York,Cortland,46311,4
New Jersey,Ocean,648998,1
North Carolina,Dare,37826,4
North Carolina,Hoke,53114,2
New Hampshire,Sullivan,43533,7
New Hampshire,Carroll,51500,6
New York,Westchester,997895,1
North Carolina,Caldwell,80463,2
New Hampshire,Belknap,64460,4
New Jersey,Essex,854917,1
New York,Monroe,755160,1
New Jersey,Salem,65046,1
North Carolina,Transylvania,33165,6
North Carolina,Henderson,116829,2
New York,Tioga,47980,3
North Carolina,Washington,10892,9
North Carolina,Northampton,17129,9
New Jersey,Warren,110731,2
New York,Suffolk,1526344,1
North Carolina,Lenoir,54706,4
Nevada,Pershing,6741,8
New Mexico,Eddy,60911,5
New York,Albany,313743,2
North Carolina,Randolph,145172,2
New York,Tompkins,105162,3
North Carolina,Pasquotank,40821,4
North Carolina,Ashe,26711,9
New York,Rockland,339227,1
North Carolina,Davidson,170637,2
New Mexico,Quay,8656,7
New Jersey,Burlington,464269,1
North Carolina,Durham,326126,2
North Carolina,Perquimans,13130,8
New York,Montgomery,49558,4
New York,Clinton,79596,4
North Carolina,Buncombe,271534,2
North Carolina,Vance,42185,6
New York,Kings,2641052,1
New York,Cayuga,75880,4
North Carolina,Guilford,542410,2
New York,Onondaga,473236,2
North Carolina,Orange,148884,2
New York,Livingston,61578,1
New Mexico,San Miguel,27150,6
North Carolina,Macon,37564,7
New Mexico,Harding,639,9
North Carolina,Cabarrus,231278,1
New York,Otsego,58123,7
New Mexico,Cibola,27184,6
North Carolina,Tyrrell,3254,9
North Carolina,Yadkin,37192,2
New Mexico,Bernalillo,674393,2
North Carolina,Alamance,173877,3
New Jersey,Cumberland,153627,3
North Carolina,Currituck,29653,1
Nevada,Lincoln,4525,8
New Mexico,Curry,47999,5
North Carolina,Scotland,34227,6
Nevada,Humboldt,17648,7
New Mexico,Mora,4196,8
North Carolina,Franklin,71703,1
New York,Seneca,33688,6
North Carolina,Columbus,50092,6
North Carolina,Chowan,13722,8
North Carolina,Alexander,36644,2
New Jersey,Somerset,345647,1
North Carolina,Hertford,21278,8
New York,Sullivan,79806,6
New Jersey,Gloucester,304477,1
North Carolina,Lincoln,89670,1
New York,Lewis,26573,8
New York,Chautauqua,126807,4
North Carolina,Wake,1150204,1
New Mexico,Hidalgo,4074,9
New Mexico,Catron,3731,9
New Mexico,Colfax,12369,7
North Carolina,Johnston,226504,1
Nevada,Eureka,1903,9
New York,Fulton,53116,4
North Carolina,Watauga,54234,5
North Carolina,Jackson,43410,7
North Carolina,Catawba,161723,2
North Carolina,Carteret,68541,4
New Mexico,Chaves,64629,5
New Hampshire,Cheshire,77329,4
New York,Putnam,97936,1
New York,Chenango,46537,6
Nevada,Lyon,60903,2
New York,Nassau,1390907,1
North Carolina,Moore,102763,3
North Carolina,Bertie,17505,9
New York,Queens,2331143,1
New Jersey,Bergen,953819,1
North Carolina,Cumberland,335508,2
New York,Oneida,230274,2
New Jersey,Hunterdon,129924,1
New Mexico,San Juan,120993,3
New York,Washington,60956,3
New York,Bronx,1424948,1
North Carolina,Clay,11309,9
New York,Wyoming,40491,8
North Carolina,Madison,21502,2
New York,Franklin,47456,7
North Carolina,Chatham,77889,2
New Mexico,McKinley,71780,5
New Mexico,Union,4107,9
North Carolina,Caswell,22714,8
New York,Orange,404525,2
Nevada,Nye,53450,4
North Carolina,Edgecombe,48359,3
New Mexico,Rio Arriba,40179,6
North Carolina,Nash,95176,3
North Carolina,Onslow,206160,3
New Jersey,Sussex,145543,1
New York,Schoharie,29863,2
New York,Columbia,61778,6
North Carolina,Burke,87611,2
New York,Delaware,44378,8
New Mexico,Lea,73004,5
New York,Jefferson,116295,3
New York,Steuben,92948,4
New York,Erie,950683,1
New Jersey,Union,572114,1
North Carolina,Halifax,48272,4
North Carolina,Bladen,29525,8
North Carolina,Brunswick,144215,2
North Carolina,Warren,18762,8
North Carolina,Surry,71152,6
New Jersey,Middlesex,860807,1
North Carolina,Harnett,135966,4
New York,Genesee,57853,4
New Mexico,Luna,25532,6
North Carolina,Craven,100674,4
North Carolina,McDowell,44717,6
North Carolina,Polk,19656,8
Oklahoma,Muskogee,66146,4
North Dakota,Mercer,8323,8
Ohio,Paulding,18871,8
North Dakota,Cass,186562,3
Oklahoma,Major,7668,8
Oregon,Clatsop,41810,4
Oregon,Clackamas,422537,1
North Dakota,Divide,2188,9
North Dakota,Adams,2167,9
Oklahoma,Beckham,22046,7
Oregon,Baker,16847,7
Oklahoma,Wagoner,84050,1
Ohio,Defiance,38144,6
Ohio,Franklin,1321414,1
Ohio,Logan,46035,4
Ohio,Fairfield,161064,1
Oklahoma,Pittsburg,43633,7
Ohio,Van Wert,28732,6
Oklahoma,Creek,72029,1
Oklahoma,Jefferson,5438,8
Oregon,Lincoln,50862,5
North Dakota,Morton,33611,3
Ohio,Monroe,13329,8
North Dakota,Sargent,3829,9
Oklahoma,Love,10216,9
Ohio,Ottawa,40104,3
North Dakota,Grand Forks,72705,3
North Dakota,Kidder,2369,8
Oklahoma,Tulsa,672858,1
Ohio,Delaware,220740,1
Ohio,Fayette,28906,6
North Dakota,Eddy,2337,9
Ohio,Vinton,12696,8
North Dakota,Renville,2266,3
Oregon,Deschutes,204801,3
Oklahoma,Payne,81989,4
Ohio,Richland,125195,3
North Dakota,Pierce,3953,9
Oklahoma,Johnston,10301,9
Ohio,Greene,168412,2
Oklahoma,Kiowa,8410,8
North Dakota,Wells,3905,9
Oklahoma,Blaine,8562,8
Ohio,Ashland,52316,6
Oklahoma,Texas,20865,7
North Dakota,Hettinger,2430,9
Oklahoma,Woods,8583,7
North Dakota,Griggs,2281,9
Ohio,Ashtabula,97337,1
North Dakota,Oliver,1873,3
Ohio,Preble,40867,6
Oklahoma,Pushmataha,10815,9
Ohio,Seneca,54906,4
North Dakota,Dickey,4897,9
Oregon,Benton,96017,3
Oklahoma,Sequoyah,39508,3
Oregon,Morrow,12303,8
Ohio,Brown,43662,1
Oregon,Klamath,70164,5
Ohio,Medina,183092,1
Oregon,Linn,129839,3
Ohio,Belmont,65849,3
North Dakota,Williams,38484,5
North Dakota,McHenry,5249,3
Oklahoma,Cleveland,297597,1
Oklahoma,Alfalfa,5710,8
Oklahoma,Latimer,9427,9
North Dakota,LaMoure,4066,9
Oregon,Lane,383189,2
Oklahoma,Mayes,39159,6
Oregon,Crook,25739,3
North Dakota,McLean,9796,8
Ohio,Huron,58367,4
Oklahoma,Le Flore,48476,6
Ohio,Ross,76891,4
North Dakota,Grant,2323,8
Oklahoma,Pawnee,15741,1
Ohio,Lorain,315595,1
Oklahoma,Atoka,14324,9
Ohio,Darke,51597,6
Ohio,Hardin,30621,6
North Dakota,Burleigh,98933,3
Ohio,Montgomery,535840,2
Ohio,Coshocton,36618,7
Ohio,Wyandot,21708,7
Oklahoma,Woodward,20205,7
Ohio,Shelby,47977,4
Ohio,Erie,74852,3
Ohio,Jefferson,64789,3
Oregon,Coos,64999,5
Oklahoma,Nowata,9303,8
Oregon,Grant,7272,9
Ohio,Allen,101670,3
Ohio,Guernsey,38287,6
Ohio,Gallia,29158,6
Oklahoma,Kay,43732,4
Oklahoma,Kingfisher,15204,8
Ohio,Licking,180401,1
Ohio,Muskingum,86408,4
Oregon,Lake,8276,9
Oklahoma,Dewey,4417,9
North Dakota,Bottineau,6390,8
Ohio,Sandusky,58715,4
Ohio,Washington,59423,4
North Dakota,Ransom,5675,8
Oklahoma,Harmon,2418,9
Ohio,Clark,135633,3
North Dakota,Barnes,10806,6
Oklahoma,Haskell,11602,8
Ohio,Hocking,28097,1
North Dakota,Richland,16560,6
Oklahoma,Greer,5487,9
Oklahoma,McIntosh,19245,8
North Dakota,Logan,1883,9
North Dakota,Foster,3364,9
Ohio,Wayne,116710,4
Ohio,Wood,132472,2
Oklahoma,Cimarron,2248,9
North Dakota,Mountrail,9576,8
Ohio,Meigs,22049,8
Ohio,Butler,390234,1
Oregon,Gilliam,2005,9
Oklahoma,McCurtain,30884,7
Ohio,Tuscarawas,92500,4
Oregon,Jefferson,25068,3
Oklahoma,Roger Mills,3386,9
North Dakota,Stark,33046,5
Ohio,Summit,537633,2
North Dakota,Cavalier,3662,9
Ohio,Adams,27542,8
Ohio,Fulton,42450,2
Oklahoma,Washita,10915,9
Ohio,Union,64971,1
Oklahoma,Stephens,43129,4
Ohio,Putnam,34318,6
North Dakota,Rolette,12048,9
Oregon,Marion,347119,2
Oregon,Harney,7575,9
Oklahoma,McClain,43516,1
Ohio,Clermont,209642,1
North Dakota,McKenzie,13819,7
Oklahoma,Tillman,7076,8
Ohio,Miami,109264,2
Oregon,Malheur,31693,6
Ohio,Henry,27538,6
Oklahoma,Carter,48291,5
Ohio,Madison,44386,1
Ohio,Hamilton,826139,1
Oklahoma,Pontotoc,38163,7
Ohio,Morrow,35151,1
Oklahoma,Seminole,23567,7
Ohio,Marion,65291,4
Ohio,Cuyahoga,1249387,1
Oklahoma,Okmulgee,36843,1
Ohio,Perry,35460,1
North Dakota,Traill,8003,8
Oklahoma,Custer,28163,5
North Dakota,Steele,1810,8
Oklahoma,Grady,55508,1
Oklahoma,Ellis,3762,9
North Dakota,Bowman,2903,9
North Dakota,Ward,69071,3
Ohio,Holmes,44271,9
Oregon,Columbia,53074,1
North Dakota,Emmons,3271,8
Ohio,Williams,36716,7
Ohio,Champaign,38699,6
Oklahoma,Garfield,61926,3
Oklahoma,Rogers,96695,1
Oklahoma,Adair,19414,8
North Dakota,Sioux,3738,9
Ohio,Mercer,42309,7
North Dakota,Nelson,3054,8
Oklahoma,Okfuskee,11197,8
North Dakota,Golden Valley,1770,9
Oklahoma,Cherokee,47627,6
Ohio,Hancock,74656,4
Oklahoma,Choctaw,14307,9
Oregon,Jackson,223734,3
Ohio,Athens,62056,4
Oklahoma,Beaver,4980,9
North Dakota,Stutsman,21576,7
North Dakota,Walsh,10469,8
Oklahoma,Murray,13718,9
North Dakota,Billings,955,9
North Dakota,Benson,5809,9
Ohio,Mahoning,226762,2
Ohio,Lake,232023,1
Oregon,Josephine,88346,3
Ohio,Trumbull,201335,2
Oregon,Douglas,111978,4
Oklahoma,Coal,5276,9
North Dakota,Towner,2140,9
Ohio,Pike,27089,9
Oklahoma,Grant,4131,8
Ohio,Harrison,14477,8
Oklahoma,Craig,14115,6
Oklahoma,Noble,10933,8
North Dakota,Burke,2158,8
North Dakota,Pembina,6767,9
Oklahoma,Bryan,47105,6
Oregon,Hood River,24057,6
North Dakota,Dunn,4035,9
Ohio,Crawford,41754,4
Ohio,Warren,246553,1
Ohio,Geauga,95565,1
Oklahoma,Delaware,41000,6
Oklahoma,Ottawa,30340,6
Ohio,Knox,62897,6
Ohio,Noble,14176,9
Ohio,Carroll,26691,2
Oklahoma,Comanche,122063,3
Ohio,Portage,162382,2
Ohio,Columbiana,101310,4
Ohio,Highland,43354,6
Oklahoma,Washington,52772,4
Ohio,Pickaway,59333,1
Ohio,Scioto,73346,4
Oklahoma,Harper,3180,9
North Dakota,McIntosh,2513,9
Oklahoma,Hughes,13405,9
Ohio,Clinton,42004,6
Oklahoma,Osage,45772,1
Oklahoma,Pottawatomie,73019,4
Ohio,Morgan,13682,8
Oklahoma,Caddo,26368,6
Oklahoma,Cotton,5480,3
Ohio,Auglaize,46141,4
Ohio,Lucas,429191,2
Ohio,Stark,373834,2
Oregon,Curry,23683,7
Ohio,Jackson,32511,7
Ohio,Lawrence,57445,2
Oklahoma,Logan,50885,1
Oklahoma,Lincoln,33829,1
Oklahoma,Canadian,161737,1
North Dakota,Ramsey,11572,7
Oklahoma,Garvin,25804,6
Oklahoma,Marshall,15594,9
North Dakota,Slope,690,9
North Dakota,Sheridan,1268,8
Oklahoma,Jackson,24777,7
Oklahoma,Oklahoma,798575,1
Georgia,Ware,36033,5
Indiana,Ohio,5978,1
Indiana,Owen,21446,3
Iowa,Iowa,16568,8
Iowa,Marion,33380,6
Texas,Deaf Smith,18329,6
Texas,Goliad,7163,3
Alabama,Dallas,37619,4
Alaska,Petersburg,3356,9
Alaska,Wrangell,2055,9
California,Calaveras,46221,6
Alabama,Fayette,16148,8
Arkansas,Benton,293692,2
Alabama,Calhoun,115972,3
California,Alameda,1648556,1
California,San Benito,66677,1
California,Sacramento,1588921,1
Alabama,Choctaw,12533,9
Arkansas,Jackson,16811,6
California,Plumas,19915,9
California,Monterey,437325,2
Alaska,Bristol Bay,838,9
Alaska,Haines,2071,9
Arizona,Cochise,126050,3
Alaska,Dillingham,4772,9
California,Kern,917673,2
Arkansas,Drew,17110,7
Arkansas,Monroe,6683,9
Arkansas,St. Francis,22739,6
California,Sutter,99063,3
Arizona,Pima,1052030,1
Alabama,Lawrence,33090,3
Arkansas,Washington,250057,2
Arkansas,Baxter,42144,7
Alaska,Chugach,6941,9
Alabama,Colbert,57474,3
Alabama,Cullman,89496,4
California,Mono,13247,7
Alaska,Copper River,2630,9
Alabama,Clay,14190,9
Alabama,Lamar,13689,8
Arizona,Apache,65623,8
California,San Joaquin,789410,2
California,Imperial,179851,3
Arkansas,Faulkner,125106,2
Arkansas,Clay,14350,9
Alabama,Houston,107458,3
Arkansas,Scott,9822,8
Alaska,Ketchikan Gateway,13754,7
Arkansas,Sevier,15783,6
Alabama,Morgan,123668,3
Arkansas,Jefferson,65861,4
Alabama,Randolph,21989,8
California,Merced,286461,2
Alabama,Crenshaw,13083,8
California,Nevada,103487,4
Alabama,Covington,37524,6
Alabama,Hale,14754,2
Arkansas,Chicot,10019,9
California,Lassen,33159,7
Arkansas,Conway,20873,6
Alabama,Cherokee,24996,8
California,Riverside,2458395,1
California,Mariposa,17147,8
Arkansas,Carroll,28435,6
Alabama,Talladega,81524,4
California,Sonoma,485887,2
Arizona,La Paz,16408,6
California,Tehama,65498,4
Alabama,Sumter,12164,8
Alabama,Perry,8355,8
Alabama,DeKalb,71813,6
Arkansas,Lonoke,74722,2
Alabama,Conecuh,11328,9
California,Inyo,18970,6
Arkansas,Howard,12698,8
Arkansas,Sharp,17622,9
Alabama,Dale,49342,4
California,Alpine,1235,8
California,San Francisco,815201,1
Alabama,Etowah,103162,3
Alaska,Sitka,8407,7
Arkansas,Cleburne,25015,6
Alabama,Coosa,10450,8
California,Humboldt,136310,5
Arizona,Coconino,145052,3
Alaska,Matanuska-Susitna,110686,2
Arizona,Santa Cruz,47883,6
California,Trinity,16060,8
Alaska,Aleutians West,5059,9
Arkansas,Greene,46317,4
California,Placer,412300,1
Alaska,Denali,1593,9
Alaska,Southeast Fairbanks,6970,9
California,San Diego,3286069,1
California,Colusa,21917,6
California,Santa Clara,1885508,1
Alabama,Pike,32991,6
Alaska,Kodiak Island,12787,7
Alabama,Clarke,22760,9
Alaska,Hoonah-Angoon,2332,9
Arkansas,Searcy,7880,9
Arkansas,Sebastian,128400,3
Arkansas,Arkansas,16722,6
Arkansas,Nevada,8187,9
Alabama,Bibb,22477,1
Alaska,Aleutians East,3398,9
Arkansas,Cleveland,7514,8
Arkansas,Fulton,12145,9
Alabama,Jefferson,667820,1
Arkansas,Pope,63789,5
Alabama,Washington,15147,8
Alabama,Autauga,59095,2
Arkansas,Prairie,8135,8
Alaska,Lake and Peninsula,1416,9
California,Stanislaus,552999,2
Alabama,Lauderdale,94043,3
Arkansas,Poinsett,22660,3
Arkansas,Yell,20155,9
Alabama,Coffee,54174,4
Arkansas,Garland,100330,3
Arkansas,Logan,21215,8
Alabama,Cleburne,15103,8
Alabama,Geneva,26701,3
Arizona,Mohave,217692,3
Alabama,Lee,177218,3
California,San Mateo,737888,1
Arkansas,White,77207,4
Arkansas,Dallas,6308,8
California,Siskiyou,44118,7
California,Los Angeles,9829544,1
Alabama,Madison,395211,2
Arkansas,Crittenden,47525,1
California,Contra Costa,1161413,1
Alabama,Pickens,18801,2
Arkansas,Desha,11090,9
California,Mendocino,91305,4
Arkansas,Izard,13911,9
Arkansas,Clark,21321,7
Arkansas,Polk,19353,7
Alabama,Wilcox,10446,9
Alabama,Escambia,36699,6
California,Modoc,8661,8
Arizona,Navajo,108147,4
California,Tulare,477054,2
Alaska,North Slope,10972,9
Arkansas,Lee,8619,8
California,Santa Cruz,267792,2
Arizona,Graham,39050,7
Alaska,Kusilvak,8360,9
Arkansas,Stone,12481,9
Arizona,Yuma,206990,3
California,Marin,260206,1
Arizona,Greenlee,9404,9
Alaska,Bethel,18557,7
California,Fresno,1013581,1
Alabama,Russell,58722,2
Arkansas,Little River,11944,3
Arkansas,Boone,37830,7
Arizona,Pinal,449557,1
Alabama,Mobile,413073,2
California,Santa Barbara,446475,2
Alabama,Elmore,89304,2
Arkansas,Hempstead,19694,6
Alabama,Franklin,32013,6
Arkansas,Pike,10066,9
Arkansas,Newton,7204,9
Alabama,Bullock,10320,8
Alabama,Montgomery,227434,2
Arkansas,Hot Spring,33148,6
Alabama,Tuscaloosa,227007,2
Arkansas,Saline,125233,2
Arkansas,Craighead,112218,3
California,El Dorado,193221,1
Arkansas,Ouachita,22306,7
Arkansas,Montgomery,8611,8
Alaska,Juneau,31973,5
Alaska,Northwest Arctic,7560,9
Alabama,Marengo,18996,6
Alabama,Limestone,107517,2
Arkansas,Woodruff,6116,9
Arkansas,Cross,16681,6
Alabama,Greene,7629,2
California,Del Norte,28100,7
California,Sierra,3283,8
Alabama,Chilton,45274,1
Arkansas,Lincoln,13037,9
California,Shasta,182139,3
California,Butte,208309,3
Alabama,Barbour,24964,6
Arkansas,Lawrence,16292,6
California,San Luis Obispo,283159,2
California,Solano,451716,2
Arizona,Yavapai,242253,3
Arizona,Maricopa,4496588,1
Arkansas,Ashley,18674,7
Arkansas,Franklin,17173,8
Arkansas,Pulaski,397821,2
California,Orange,3167809,1
Arkansas,Madison,16960,2
Alabama,Marshall,98228,4
Alaska,Yakutat,704,9
Arkansas,Bradley,10408,7
Arkansas,Miller,42649,3
Alabama,Butler,18884,6
California,Kings,153443,3
Arkansas,Calhoun,4741,9
Arkansas,Phillips,15906,7
Georgia,Spalding,67909,1
Alabama,Henry,17459,3
Alaska,Anchorage,288121,2
Alaska,Nome,9865,9
Alaska,Kenai Peninsula,59767,7
Arkansas,Grant,18090,2
California,San Bernardino,2194710,1
California,Glenn,28805,6
Alaska,Fairbanks North Star,95593,3
Arkansas,Marion,16978,9
Arkansas,Johnson,25845,7
Alabama,Winston,23652,8
Alaska,Skagway,1132,9
Alabama,Chambers,34541,6
Arkansas,Randolph,18865,7
California,Lake,68766,4
California,Madera,159410,1
Arkansas,Mississippi,39661,4
Arkansas,Independence,37723,7
Alabama,Marion,29246,9
Arkansas,Columbia,22672,7
Alabama,Lowndes,9965,2
Alabama,Blount,59041,1
Alabama,Baldwin,239294,3
Alaska,Prince of Wales-Hyder,5729,9
California,Napa,136207,3
Alabama,Shelby,226902,1
Arizona,Gila,53589,4
Arkansas,Crawford,60378,3
Alabama,Macon,18895,3
Arkansas,Union,38340,7
Alabama,St. Clair,92748,1
Arkansas,Lafayette,6163,8
Alabama,Monroe,19648,8
California,Amador,41259,6
Georgia,Taylor,7799,8
Georgia,Gordon,58237,4
Georgia,Stewart,5341,2
Alabama,Walker,64818,1
Arkansas,Van Buren,15694,8
Alabama,Jackson,52773,6
Alaska,Yukon-Koyukuk,5275,8
Alabama,Tallapoosa,41023,6
Arkansas,Perry,9964,2
Georgia,Upson,27720,6
Illinois,Schuyler,6843,9
Idaho,Caribou,7111,8
Georgia,Wayne,30380,6
Idaho,Ada,511931,2
Illinois,Calhoun,4369,1
Indiana,Cass,37563,4
Illinois,Stark,5294,2
Illinois,Union,16923,6
Georgia,Wilkes,9513,8
Indiana,Pike,12144,8
Indiana,Perry,19316,7
Idaho,Blaine,24766,7
Idaho,Power,7950,8
Kansas,Linn,9747,1
California,Tuolumne,55810,4
Iowa,Jefferson,15647,7
Kansas,Jewell,2937,9
Kansas,Smith,3576,9
Indiana,White,24651,6
Iowa,Page,15197,6
Kentucky,Bell,23858,7
Kansas,Haskell,3668,9
Kansas,Meade,4022,9
Iowa,Worth,7385,9
Georgia,Putnam,22585,8
Georgia,Marion,7440,2
Colorado,Grand,15860,9
Georgia,Carroll,121968,1
Colorado,Baca,3514,9
Georgia,McIntosh,11123,3
Georgia,Sumter,29283,6
Georgia,Stephens,26865,7
Colorado,Chaffee,20074,6
Georgia,Elbert,19579,6
Georgia,Seminole,9197,8
Georgia,Richmond,205673,2
Delaware,Sussex,247527,4
Georgia,Banks,18562,8
Delaware,Kent,184149,3
Georgia,Oconee,43023,3
Georgia,Crisp,19879,6
Georgia,Greene,19536,8
Georgia,Jefferson,15524,8
Georgia,Bryan,46938,2
Colorado,Las Animas,14633,7
Georgia,Lincoln,7749,2
Georgia,Candler,11037,9
Colorado,Crowley,6012,8
Colorado,Douglas,368990,1
Georgia,Rabun,17119,9
Colorado,Clear Creek,9446,1
Georgia,Dade,16326,2
Colorado,La Plata,56250,6
Georgia,Baldwin,43781,4
Georgia,Newton,115355,1
Georgia,Clarke,128711,3
Colorado,Kiowa,1452,9
Georgia,Jenkins,8639,9
Georgia,Randolph,6287,8
Florida,Collier,385980,2
Georgia,Lamar,19080,6
Colorado,Phillips,4512,9
Georgia,Evans,10672,8
Colorado,Rio Blanco,6476,9
Colorado,Dolores,2397,9
Georgia,Schley,4478,8
Colorado,Denver,711463,1
Colorado,Jackson,1363,9
Georgia,Chattooga,24932,6
Georgia,Peach,28417,3
Georgia,Cobb,766802,1
Colorado,Boulder,329543,2
Georgia,Polk,43496,4
Colorado,San Miguel,8074,9
Georgia,Twiggs,7856,3
Georgia,Bibb,156762,3
Georgia,Walker,68510,2
Colorado,San Juan,733,9
Colorado,Pitkin,17348,7
Colorado,El Paso,737867,2
Georgia,Gilmer,32026,6
Colorado,Custer,5045,8
Georgia,Early,10619,8
Georgia,Lanier,9907,3
Colorado,Eagle,55727,5
Georgia,Union,25521,8
Georgia,Macon,12004,8
Georgia,Taliaferro,1558,8
Colorado,Gilpin,5873,1
Florida,Sarasota,447057,2
Georgia,Laurens,49547,4
Georgia,Clay,2882,9
Colorado,Delta,31661,6
Georgia,Muscogee,205617,2
Georgia,Echols,3699,3
Florida,Indian River,163662,3
Georgia,Burke,24310,2
Georgia,Walton,99853,1
Georgia,Dougherty,84844,3
Florida,Jackson,47694,6
Georgia,Screven,14105,8
Georgia,Coffee,43386,7
Florida,Washington,25436,3
Georgia,Talbot,5742,2
Georgia,Miller,5919,9
Georgia,Thomas,45842,4
Colorado,Pueblo,169622,3
Florida,Escambia,322390,2
Colorado,Cheyenne,1707,9
District of Columbia,District of Columbia,670050,1
Georgia,Jones,28400,3
Georgia,Baker,2819,8
Georgia,Camden,55664,4
Georgia,Hall,207369,3
Colorado,Adams,522140,1
Georgia,Clayton,297100,1
Georgia,Decatur,29038,6
Colorado,Lake,7407,9
Georgia,Houston,166829,3
Colorado,Washington,4861,9
California,Ventura,839784,2
Georgia,Jackson,80286,4
Florida,Okeechobee,40266,4
Florida,Hillsborough,1478194,1
Colorado,Larimer,362533,2
Georgia,Henry,245235,1
Georgia,Lumpkin,34278,1
Colorado,Elbert,27128,1
Colorado,Costilla,3625,9
Georgia,Dodge,19759,7
Georgia,Dooly,10885,8
Colorado,Conejos,7612,9
Colorado,Hinsdale,781,9
Georgia,Brantley,18101,3
Colorado,Lincoln,5688,8
Georgia,Terrell,8964,3
Georgia,Lowndes,119276,3
Georgia,Coweta,149956,1
Georgia,Troup,69720,4
Georgia,Pickens,34024,1
Colorado,Moffat,13185,7
Georgia,Columbia,159639,2
Colorado,Prowers,11996,7
Georgia,Rockdale,94082,1
Georgia,Pulaski,9917,8
Georgia,Tift,41212,5
Georgia,Bleckley,12607,6
Georgia,Long,17152,3
Colorado,Weld,340036,2
Colorado,Garfield,62161,5
Georgia,Montgomery,8653,9
Georgia,Bulloch,82442,4
Georgia,Quitman,2243,8
Georgia,DeKalb,757718,1
Georgia,Brooks,16270,3
Florida,Madison,18288,8
Georgia,Forsyth,260206,1
Georgia,Bartow,110843,1
Florida,Gilchrist,18360,2
Georgia,Oglethorpe,15140,3
Georgia,Butts,25781,1
Georgia,Pike,19477,1
Georgia,Berrien,18147,8
Georgia,Floyd,98771,3
Colorado,Rio Grande,11408,9
Georgia,Fulton,1065334,1
Georgia,Catoosa,68397,2
Colorado,Otero,18594,6
Georgia,Gwinnett,964546,1
Georgia,Barrow,86658,1
Colorado,Fremont,49661,4
Colorado,Gunnison,17281,7
Georgia,Hart,26409,6
Florida,Manatee,412703,2
Georgia,Hancock,8630,9
Colorado,Arapahoe,654900,1
Colorado,Park,17720,1
Florida,Palm Beach,1497987,1
Colorado,Summit,30941,5
Georgia,Colquitt,45812,6
Georgia,Haralson,30572,1
Georgia,Pierce,19976,8
Florida,Baker,28715,1
Georgia,Glascock,2919,9
Florida,Okaloosa,213255,2
Georgia,Douglas,145814,1
Colorado,Montezuma,26175,6
Georgia,Mitchell,21521,6
Colorado,Logan,21487,6
Colorado,Huerfano,6920,8
Georgia,Treutlen,6306,9
Colorado,Broomfield,75325,1
Georgia,Crawford,12153,3
Florida,Hamilton,13993,8
Georgia,Franklin,23785,8
Georgia,Towns,12875,9
Georgia,Calhoun,5509,8
Georgia,Effingham,66741,2
Colorado,Montrose,43168,5
California,Yuba,83421,3
Georgia,Atkinson,8391,9
Georgia,Glynn,84739,3
Colorado,Morgan,29008,6
Florida,Seminole,470093,1
Georgia,McDuffie,21633,2
Georgia,Bacon,11079,9
Georgia,Chatham,296329,2
Georgia,Cook,17225,6
Georgia,Heard,11565,1
Florida,Lafayette,8382,9
Georgia,Grady,25918,6
Florida,Hendry,40313,4
Georgia,Meriwether,20793,1
Colorado,Archuleta,13790,7
Florida,Liberty,7900,8
Georgia,Madison,30885,3
Georgia,Toombs,26911,7
Georgia,Chattahoochee,9048,2
Georgia,Irwin,9618,9
Colorado,Jefferson,579581,1
Florida,DeSoto,34408,6
Georgia,Dawson,28497,1
Florida,Clay,222361,1
Florida,Santa Rosa,193998,2
Florida,Lake,395804,1
Florida,Broward,1930983,1
Georgia,Habersham,46774,6
Georgia,Murray,39951,3
Florida,Osceola,403282,1
Florida,Charlotte,194843,3
Delaware,New Castle,571708,1
Florida,Gulf,14363,8
Georgia,Fannin,25817,8
Colorado,Yuma,9941,9
Florida,Marion,385915,2
Florida,Wakulla,34690,2
Colorado,Bent,5759,9
Georgia,Charlton,12766,8
Georgia,Clinch,6725,8
Georgia,Emanuel,22716,7
Georgia,Jasper,15278,1
Florida,Holmes,19784,8
Georgia,Telfair,12414,9
Georgia,Morgan,20635,1
Georgia,Cherokee,274615,1
Florida,St. Lucie,343579,2
Florida,Dixie,17102,8
Georgia,Ben Hill,17158,7
Florida,Citrus,158083,3
Colorado,Mesa,157335,3
Colorado,Alamosa,16547,7
California,Yolo,216986,1
Florida,Calhoun,13641,8
Florida,Martin,159942,2
Georgia,Appling,18488,7
Florida,St. Johns,292466,1
Georgia,Paulding,173780,1
Colorado,Saguache,6471,9
Florida,Flagler,120932,2
Georgia,Tattnall,23052,8
Colorado,Mineral,924,9
Georgia,Johnson,9160,9
Georgia,Monroe,28712,3
Florida,Union,16335,8
Georgia,Liberty,65711,3
Colorado,Routt,25091,7
Georgia,Lee,33411,3
Florida,Sumter,135638,3
Florida,Levy,44158,2
Georgia,Fayette,120574,1
Florida,Columbia,70385,4
Colorado,Ouray,5035,9
Georgia,Turner,8966,9
Florida,Suwannee,44485,6
Florida,Pinellas,956615,1
Florida,Lee,787976,2
Georgia,Harris,35626,2
Florida,Gadsden,43714,2
Florida,Monroe,82170,4
Florida,Franklin,12572,8
Florida,Taylor,21815,6
Colorado,Teller,24926,2
Colorado,Kit Carson,6950,9
Florida,Hernando,200638,1
Florida,Putnam,74167,4
Florida,Highlands,103296,3
Colorado,Sedgwick,2336,9
Florida,Bradford,28540,6
Florida,Jefferson,14555,2
Georgia,Jeff Davis,14872,9
Florida,Miami-Dade,2662777,1
Florida,Leon,292817,2
Florida,Pasco,584067,1
Florida,Hardee,25425,6
Florida,Walton,80069,2
Florida,Polk,753520,2
Florida,Volusia,564412,2
Florida,Orange,1422746,1
Florida,Glades,12234,8
Florida,Nassau,94189,1
Florida,Alachua,279238,2
Florida,Bay,179168,3
Florida,Brevard,616628,2
Florida,Duval,999935,1
Pennsylvania,Cameron,4459,9
South Dakota,Brule,5242,9
South Carolina,Pickens,132229,2
Pennsylvania,Blair,121767,3
South Carolina,Dillon,28087,6
Rhode Island,Kent,170715,1
South Dakota,Aurora,2748,9
Pennsylvania,Mifflin,46136,4
South Carolina,Oconee,79203,4
South Dakota,Miner,2314,8
Pennsylvania,Huntingdon,43889,6
South Dakota,Marshall,4304,9
Pennsylvania,Erie,269011,2
Oregon,Wheeler,1451,9
Tennessee,Grundy,13622,8
South Dakota,Dewey,5246,9
Tennessee,Cheatham,41523,1
South Dakota,Perkins,2819,9
South Carolina,Horry,365579,2
Pennsylvania,Monroe,169273,4
Tennessee,Bledsoe,15234,8
South Carolina,Kershaw,66130,2
South Carolina,Barnwell,20580,8
South Dakota,Custer,8609,3
South Carolina,Aiken,170776,2
Pennsylvania,Cumberland,262919,2
Pennsylvania,Potter,16259,9
Pennsylvania,Venango,49938,4
Tennessee,Chester,17504,3
South Dakota,Clay,15150,6
South Dakota,Jones,879,9
South Dakota,Walworth,5248,9
South Dakota,Stanley,3032,9
South Carolina,Williamsburg,30484,6
Oregon,Yamhill,108239,1
Pennsylvania,Greene,35369,6
South Carolina,Spartanburg,335864,2
Pennsylvania,Lehigh,375539,2
Tennessee,Fentress,18850,8
South Carolina,York,288595,1
South Dakota,Harding,1327,9
Rhode Island,Washington,130592,1
South Dakota,Charles Mix,9163,9
Pennsylvania,Northumberland,91266,4
South Dakota,Brown,38101,5
South Dakota,Hughes,17694,7
Pennsylvania,Juniata,23297,8
Pennsylvania,York,458696,2
South Dakota,Mellette,1908,9
South Carolina,Richland,418307,2
Pennsylvania,Crawford,83351,4
South Dakota,Hand,3095,9
Pennsylvania,Fayette,126931,1
South Dakota,Meade,30173,3
South Dakota,Yankton,23297,7
South Carolina,Greenville,533834,2
South Dakota,Day,5414,9
South Carolina,Sumter,104758,3
Oregon,Umatilla,79988,4
South Carolina,Chesterfield,43268,6
South Carolina,Chester,32209,1
South Carolina,Florence,136504,3
South Carolina,Laurens,67803,2
Pennsylvania,Lancaster,553652,2
South Dakota,Campbell,1380,9
South Dakota,McCook,5695,2
Tennessee,Anderson,77576,2
Tennessee,Jefferson,55624,3
South Carolina,Lexington,300137,2
Oregon,Wallowa,7545,9
Pennsylvania,Montgomery,860578,1
Pennsylvania,Centre,157527,3
South Carolina,Darlington,62755,3
Tennessee,Dickson,55292,1
South Dakota,Gregory,3977,9
South Carolina,Charleston,413024,2
Pennsylvania,Lawrence,85497,1
Tennessee,Greene,70621,4
South Carolina,Newberry,37996,6
South Dakota,Beadle,19121,7
South Carolina,Marion,28784,6
South Carolina,Berkeley,236701,2
South Dakota,Faulk,2137,9
South Dakota,Hyde,1236,9
Tennessee,Humphreys,19211,8
South Dakota,Turner,8708,2
South Carolina,Edgefield,26153,2
South Dakota,Roberts,10163,9
South Carolina,Anderson,206908,2
Tennessee,Cumberland,62451,4
South Dakota,Union,16872,3
South Dakota,Douglas,2821,9
Tennessee,Haywood,17694,6
Tennessee,Hardeman,25426,6
Tennessee,Crockett,13979,3
South Dakota,Jackson,2878,9
Pennsylvania,Tioga,40929,8
Oregon,Polk,89164,2
Pennsylvania,Lycoming,113605,3
Tennessee,Cannon,14553,1
Pennsylvania,Chester,538649,1
Tennessee,Hickman,25307,1
Pennsylvania,Susquehanna,38389,8
South Dakota,Sanborn,2378,9
Pennsylvania,Delaware,573849,1
Tennessee,Hamblen,64468,3
South Dakota,Hutchinson,7411,8
Pennsylvania,Union,42568,6
South Dakota,Buffalo,1923,9
Rhode Island,Providence,658221,1
Tennessee,Franklin,43215,7
Tennessee,Hamilton,369135,2
South Dakota,Minnehaha,199685,2
Pennsylvania,Pike,59952,6
Pennsylvania,Lebanon,143493,3
Pennsylvania,Dauphin,287400,2
Pennsylvania,Berks,429342,2
South Dakota,Butte,10456,7
Pennsylvania,Northampton,313628,2
South Carolina,Allendale,7858,8
Pennsylvania,Columbia,64872,4
South Carolina,Hampton,18180,8
South Dakota,Moody,6315,8
South Carolina,Georgetown,63921,4
Tennessee,Carter,56134,3
Oregon,Wasco,26726,7
South Carolina,Orangeburg,82962,4
Pennsylvania,Indiana,82886,4
South Dakota,Tripp,5569,9
Tennessee,Clay,7555,8
Oregon,Washington,600811,1
Tennessee,Henderson,27953,6
Pennsylvania,Butler,194273,1
South Carolina,Bamberg,13189,9
Pennsylvania,Allegheny,1238090,1
Tennessee,Claiborne,32267,6
South Dakota,Ziebach,2380,9
Pennsylvania,Schuylkill,143264,4
Tennessee,Giles,30542,6
South Dakota,Lake,10851,6
Tennessee,Fayette,42832,1
South Carolina,Greenwood,69241,4
South Carolina,Union,27016,2
Tennessee,Dyer,36615,6
Tennessee,Decatur,11391,9
Pennsylvania,Luzerne,326053,2
South Carolina,Cherokee,56052,6
South Dakota,Edmunds,4033,9
South Carolina,Beaufort,191748,3
Pennsylvania,Montour,18087,6
South Dakota,Spink,6269,9
Pennsylvania,Lackawanna,215663,2
South Dakota,Lawrence,26165,6
Pennsylvania,Bucks,646098,1
Pennsylvania,Jefferson,44114,7
South Dakota,Brookings,34639,5
Tennessee,Campbell,39578,2
Pennsylvania,Wyoming,26034,2
Pennsylvania,Elk,30783,7
South Carolina,Jasper,30324,3
Tennessee,Henry,32239,7
Tennessee,Hawkins,57288,2
South Dakota,Potter,2475,9
South Dakota,Codington,28427,5
Pennsylvania,Westmoreland,353057,1
South Dakota,Lincoln,67870,2
Pennsylvania,Franklin,156289,3
Pennsylvania,Bedford,47461,8
South Dakota,Bon Homme,7014,9
Rhode Island,Newport,85264,1
South Dakota,McPherson,2420,9
Tennessee,DeKalb,20478,8
Pennsylvania,Clarion,37156,6
Tennessee,Carroll,28432,6
Pennsylvania,Philadelphia,1576251,1
Pennsylvania,Somerset,73627,6
South Dakota,Oglala Lakota,13586,9
South Dakota,Grant,7519,9
South Dakota,Hamlin,6255,9
Pennsylvania,Clinton,37465,6
Oregon,Sherman,1907,9
South Carolina,Lancaster,100336,1
Pennsylvania,Armstrong,65093,1
Pennsylvania,Beaver,166624,1
South Carolina,Abbeville,24299,6
South Dakota,Sully,1476,9
Rhode Island,Bristol,50818,1
South Carolina,Marlboro,26382,6
Oregon,Union,26212,7
South Dakota,Todd,9286,9
Pennsylvania,Washington,209470,1
Tennessee,Bradley,110162,3
South Dakota,Corson,3872,9
Tennessee,Hancock,6787,8
South Dakota,Hanson,3505,8
Tennessee,Houston,8317,8
South Carolina,Clarendon,31024,8
Pennsylvania,Adams,104127,3
Tennessee,Jackson,11750,8
Tennessee,Gibson,50541,3
Tennessee,Davidson,703953,1
Pennsylvania,Carbon,65412,2
South Dakota,Fall River,7202,9
Tennessee,Coffee,59032,4
Pennsylvania,Mercer,109972,4
Pennsylvania,Warren,38134,6
Pennsylvania,Bradford,59892,6
South Carolina,McCormick,9760,8
Tennessee,Grainger,23763,2
Tennessee,Hardin,26892,6
Pennsylvania,Snyder,39621,7
South Carolina,Lee,16280,8
Tennessee,Benton,15872,9
Tennessee,Blount,137605,2
Pennsylvania,Wayne,51431,6
Pennsylvania,Clearfield,80082,4
South Dakota,Haakon,1835,9
South Dakota,Kingsbury,5192,9
South Carolina,Colleton,38462,6
South Carolina,Saluda,18821,2
Pennsylvania,Forest,7032,9
Oregon,Multnomah,803377,1
Pennsylvania,Cambria,132167,3
Pennsylvania,Perry,45986,2
South Dakota,Lyman,3764,9
Pennsylvania,McKean,39941,7
South Dakota,Pennington,111806,3
Oregon,Tillamook,27748,7
South Carolina,Calhoun,14165,2
Tennessee,Cocke,36418,6
Tennessee,Bedford,51119,4
South Dakota,Jerauld,1636,9
South Dakota,Deuel,4272,9
Pennsylvania,Sullivan,5868,8
Pennsylvania,Fulton,14523,8
South Carolina,Dorchester,163327,2
South Dakota,Bennett,3406,9
South Carolina,Fairfield,20690,2
South Dakota,Davison,19878,7
South Dakota,Clark,3855,9
Texas,Nolan,14597,6
Texas,Dimmit,8473,7
Texas,Lynn,5688,2
Texas,Denton,941647,1
Texas,Navarro,53591,4
Texas,Hamilton,8229,8
Texas,Angelina,86506,5
Texas,Comal,174986,1
Tennessee,Van Buren,6324,9
Texas,Real,2826,9
Texas,Houston,22241,7
Texas,Austin,30380,1
Tennessee,Roane,53992,2
Texas,Concho,3341,8
Texas,Milam,25106,6
Texas,La Salle,6670,8
Tennessee,Robertson,74098,1
Texas,Duval,9756,9
Tennessee,McMinn,54059,4
Texas,Lamar,50098,5
Texas,Motley,1067,8
Texas,Morris,12030,8
Tennessee,Madison,98775,3
Tennessee,Johnson,18170,8
Texas,Hall,2845,9
Texas,Montague,20409,6
Texas,Midland,167969,3
Texas,Briscoe,1403,8
Texas,Calhoun,19727,6
Texas,Coryell,84232,2
Texas,Burnet,50954,6
Texas,Galveston,355062,1
Texas,Hood,64222,4
Texas,Jim Wells,38847,6
Texas,Presidio,6140,9
Tennessee,Rutherford,352182,1
Tennessee,Unicoi,17698,3
Texas,King,258,9
Texas,Brooks,6994,9
Tennessee,Montgomery,227900,2
Tennessee,Perry,8472,9
Texas,Medina,51981,1
Texas,Brown,38192,5
Tennessee,Marshall,34984,6
Texas,Garza,5863,2
Tennessee,Sumner,200557,1
Texas,Cooke,42244,6
Texas,Loving,57,9
Texas,Fannin,36569,6
Tennessee,Stewart,13855,2
Texas,Jones,19873,3
Texas,Menard,1982,9
Texas,Camp,12616,8
Texas,Kaufman,157768,1
Texas,Hansford,5159,9
Texas,Atascosa,49939,1
Texas,Maverick,58056,3
Tennessee,Overton,22839,9
Texas,Eastland,17864,8
Texas,Mills,4480,9
Tennessee,Morgan,21254,2
Tennessee,Sevier,99517,4
Texas,El Paso,867947,2
Texas,McLennan,263115,2
Texas,Floyd,5350,8
Tennessee,Macon,25699,1
Texas,Montgomery,648886,1
Texas,Moore,21118,7
Texas,Martin,5211,3
Texas,Baylor,3477,9
Texas,Polk,51899,6
Texas,Culberson,2193,9
Texas,Rains,12509,8
Texas,Johnson,187280,1
Texas,Bandera,21565,1
Texas,Aransas,24510,2
Tennessee,Putnam,81188,4
Texas,Hays,255397,1
Texas,Guadalupe,177036,1
Texas,Kendall,46788,1
Texas,Lamb,12898,6
Texas,Collin,1109462,1
Texas,Kenedy,340,9
Texas,Fayette,24687,6
Tennessee,Moore,6644,9
Texas,Llano,21978,7
Texas,Cottle,1381,9
Texas,Matagorda,36344,6
Texas,Chambers,48865,1
Texas,Randall,143854,2
Texas,Bowie,92581,3
Texas,Grayson,139336,3
Texas,Cherokee,51097,6
Texas,Kimble,4365,9
Texas,Mitchell,9070,7
Texas,Foard,1080,9
Texas,Collingsworth,2615,9
Texas,Nacogdoches,64668,5
Tennessee,Smith,20172,1
Texas,Lee,17706,8
Texas,Red River,11555,8
Texas,Oldham,1717,2
Texas,Archer,8681,3
Texas,Cass,28560,6
Texas,Callahan,14115,3
Texas,Karnes,14754,8
Tennessee,Lawrence,44828,6
Tennessee,Sullivan,159265,2
Texas,Jackson,15121,6
Texas,Blanco,11886,8
Tennessee,Knox,486677,2
Texas,Jeff Davis,1949,9
Texas,Cochran,2516,2
Texas,Jasper,32975,6
Tennessee,Tipton,61004,1
Texas,Jack,8712,8
Texas,Kleberg,30635,4
Tennessee,Polk,17776,3
Tennessee,Meigs,13049,8
Texas,Gonzales,19641,6
Texas,Gray,21030,6
Tennessee,Scott,21917,8
Texas,Dallas,2586050,1
Texas,Armstrong,1839,2
Texas,Ochiltree,9782,7
Texas,Kinney,3130,9
Texas,Frio,18436,6
Texas,Parmer,9813,9
Texas,Madison,13718,8
Tennessee,Washington,134236,3
Texas,Freestone,19774,9
Tennessee,McNairy,25860,8
Texas,Mason,3943,9
Tennessee,Sequatchie,16396,2
Texas,Falls,17313,2
Texas,Bexar,2028236,1
Texas,Burleson,18051,2
Texas,Orange,84742,2
Texas,Dallam,7172,7
Texas,Borden,617,9
Texas,Brazoria,379689,1
Texas,Delta,5392,8
Texas,Dawson,12413,6
Texas,Reagan,3253,8
Texas,Childress,6736,9
Texas,Harrison,69150,2
Texas,Crane,4680,8
Texas,DeWitt,19918,6
Texas,Crosby,5106,2
Texas,Harris,4728030,1
Texas,Newton,12241,8
Texas,Brazos,237032,2
Texas,Lipscomb,2931,9
Texas,Haskell,5411,8
Texas,Brewster,9450,7
Tennessee,Wilson,151917,1
Tennessee,Pickett,5079,9
Tennessee,Wayne,16409,8
Tennessee,Rhea,33136,6
Texas,Hutchinson,20495,6
Texas,Clay,10263,3
Texas,Lubbock,314451,2
Texas,Howard,34128,4
Tennessee,Lincoln,35433,6
Texas,Anderson,58402,7
Tennessee,Obion,30466,7
Texas,Coke,3321,8
Tennessee,Maury,104760,1
Texas,Grimes,30287,6
Texas,Bell,379617,2
Texas,Fort Bend,858527,1
Texas,Limestone,22119,6
Texas,Hudspeth,3287,2
Texas,Hemphill,3271,9
Texas,McMullen,608,8
Texas,Cameron,423029,2
Texas,Gregg,124201,2
Tennessee,Weakley,33036,6
Texas,Leon,15959,8
Texas,Donley,3268,8
Texas,Liberty,97621,1
Tennessee,Monroe,46698,6
Texas,Parker,156764,1
Texas,Gaines,21895,6
Texas,Castro,7374,9
Texas,Hartley,5397,9
Tennessee,Trousdale,12035,1
Texas,Panola,22675,6
Texas,Dickens,1740,8
Texas,Hale,32220,4
Tennessee,Lauderdale,25108,6
Texas,Glasscock,1149,8
Texas,Jefferson,253704,2
Texas,Henderson,83667,4
Tennessee,Williamson,255735,1
Texas,Knox,3351,9
Texas,Comanche,13775,9
Texas,Andrews,18440,6
Texas,Edwards,1438,9
Texas,Irion,1552,3
Texas,Hill,36471,6
Texas,Lavaca,20544,8
Tennessee,Shelby,924454,1
Texas,McCulloch,7533,9
Texas,Lampasas,22252,2
Texas,Palo Pinto,28686,6
Texas,Ellis,202678,1
Tennessee,Marion,28877,2
Tennessee,Lewis,12857,8
Texas,Carson,5746,2
Texas,Gillespie,27297,7
Texas,Coleman,7735,8
Tennessee,Lake,7128,9
Texas,Hopkins,37211,6
Texas,Caldwell,46791,1
Texas,Live Oak,11377,8
Texas,Colorado,20630,8
Texas,Bee,30924,6
Texas,Marion,9645,8
Tennessee,White,27650,7
Tennessee,Loudon,56690,2
Texas,Hardeman,3552,9
Texas,Bosque,18503,2
Texas,Ector,161091,3
Texas,Fisher,3706,8
Texas,Nueces,353079,2
Texas,Hidalgo,880356,2
Texas,Erath,43378,5
Texas,Crockett,3068,8
Texas,Franklin,10464,9
Texas,Bailey,6835,6
Tennessee,Union,20040,2
Texas,Bastrop,102058,1
Texas,Kerr,53161,4
Texas,Kent,749,9
Texas,Hardin,56973,2
Tennessee,Warren,41523,6
Texas,Pecos,15118,7
Texas,Hunt,103394,1
Texas,Potter,116547,2
Texas,Jim Hogg,4801,8
Texas,Hockley,21363,2
Illinois,Vermilion,73095,4
Georgia,Worth,20554,3
Illinois,Cook,5173146,1
Illinois,LaSalle,108965,4
Indiana,Porter,174243,1
Indiana,Morgan,72206,1
Illinois,Kankakee,106601,3
Idaho,Adams,4625,9
Indiana,Noble,47227,6
Idaho,Payette,26350,6
Idaho,Clearwater,8895,8
Illinois,Johnson,13463,8
Idaho,Fremont,13592,8
Illinois,Effingham,34430,7
Illinois,Pulaski,5065,8
Idaho,Owyhee,12336,2
Indiana,Gibson,32924,6
Illinois,Warren,16531,6
Indiana,Howard,83687,3
Illinois,Franklin,37442,7
Illinois,Grundy,52989,1
Idaho,Canyon,243115,2
Indiana,Crawford,10514,8
Illinois,Perry,20985,7
Indiana,Delaware,111871,3
Illinois,Edwards,6075,9
Hawaii,Honolulu,1000890,1
Indiana,Marshall,46121,6
Idaho,Lincoln,5282,8
Illinois,Douglas,19722,8
Georgia,Wilkinson,8831,8
Illinois,Lake,711239,1
Indiana,Fulton,20386,7
Illinois,Fulton,33197,6
Indiana,Ripley,29081,6
Indiana,Miami,36081,6
Indiana,Hendricks,179355,1
Hawaii,Kalawao,82,3
Indiana,Grant,66263,4
Indiana,DeKalb,43333,4
Illinois,Marion,37390,7
Illinois,Will,697252,1
Indiana,Jasper,33091,1
Idaho,Bear Lake,6545,9
Idaho,Custer,4428,8
Idaho,Oneida,4611,8
Illinois,Lee,34049,6
Indiana,Harrison,39761,1
Idaho,Valley,12241,9
Illinois,Monroe,34932,1
Illinois,Logan,27992,6
Illinois,Kane,515588,1
Illinois,Jackson,52565,5
Illinois,White,13784,6
Illinois,Bureau,32883,7
Indiana,Clark,122738,1
Idaho,Benewah,9931,8
Indiana,Montgomery,38063,6
Indiana,Brown,15552,1
Indiana,Sullivan,20758,3
Illinois,Sangamon,194734,3
Indiana,Jennings,27409,6
Illinois,Cumberland,10345,9
Illinois,Woodford,38225,2
Idaho,Washington,10898,6
Illinois,Putnam,5566,8
Illinois,Macon,102432,3
Georgia,Webster,2367,8
Hawaii,Kauai,73454,5
Illinois,Stephenson,44021,4
Illinois,Peoria,179432,2
Illinois,Fayette,21384,6
Indiana,Kosciusko,80106,4
Indiana,Carroll,20444,3
Illinois,Madison,264490,1
Indiana,LaPorte,112390,3
Illinois,Greene,11843,8
Illinois,Coles,46765,5
Illinois,Clinton,36793,1
Illinois,Piatt,16753,3
Illinois,Alexander,5030,3
Indiana,Decatur,26320,6
Indiana,Scott,24355,6
Illinois,Henry,48907,2
Indiana,Fayette,23360,6
Illinois,Scott,4836,9
Indiana,Dearborn,50816,1
Illinois,Carroll,15698,9
Hawaii,Maui,164221,3
Indiana,Jefferson,33141,6
Illinois,Clark,15300,8
Illinois,Knox,49268,4
Idaho,Bingham,48876,6
Idaho,Camas,1139,9
Illinois,Whiteside,55305,4
Indiana,Hancock,81789,1
Indiana,Orange,19830,8
Illinois,McLean,170889,3
Georgia,Wilcox,8739,9
Indiana,Clinton,33065,6
Georgia,Washington,19785,7
Illinois,Christian,33662,6
Illinois,McHenry,311122,1
Illinois,Washington,13655,8
Illinois,Wayne,15963,9
Illinois,Marshall,11663,2
Indiana,Allen,388608,2
Idaho,Idaho,17040,8
Illinois,Clay,13143,9
Idaho,Teton,12267,9
Illinois,De Witt,15341,6
Illinois,Williamson,66879,5
Illinois,Henderson,6312,9
Georgia,Whitfield,102848,3
Indiana,Floyd,80454,1
Indiana,Steuben,34632,7
Illinois,Moultrie,14510,8
Indiana,Henry,48935,6
Indiana,Bartholomew,82475,3
Illinois,Macoupin,44406,1
Georgia,Wheeler,7471,9
Illinois,Hancock,17400,9
Indiana,Starke,23372,8
Indiana,Switzerland,9790,8
Illinois,Crawford,18659,6
Illinois,Rock Island,142909,2
Indiana,Jay,20248,6
Indiana,Tippecanoe,187076,3
Indiana,Elkhart,206921,3
Illinois,Massac,13960,3
Georgia,Warren,5240,8
Indiana,Adams,35961,6
Indiana,Madison,130782,1
Indiana,Greene,30786,6
Idaho,Minidoka,21955,7
Illinois,Saline,23320,7
Indiana,Clay,26410,3
Idaho,Gooding,15772,8
Idaho,Twin Falls,92243,3
Indiana,Huntington,36717,6
Indiana,Knox,35956,7
Illinois,Richland,15796,7
Illinois,Adams,64954,5
Idaho,Jerome,24662,3
Illinois,McDonough,26828,7
Illinois,Hardin,3650,9
Illinois,Pike,14618,9
Idaho,Latah,40313,4
Idaho,Shoshone,13612,8
Indiana,Johnson,164298,1
Illinois,Mason,12881,8
Indiana,Dubois,43549,5
Idaho,Gem,19792,2
Indiana,Pulaski,12339,8
Illinois,Jasper,9193,9
Indiana,Newton,13808,1
Illinois,Boone,53159,2
Illinois,Hamilton,7911,9
Illinois,Pope,3779,8
Idaho,Jefferson,32202,3
Indiana,Rush,16672,6
Illinois,Tazewell,130413,2
Illinois,Jo Daviess,21939,8
Indiana,Shelby,45039,1
Idaho,Boise,8094,2
Idaho,Nez Perce,42454,3
Illinois,DuPage,924885,1
Indiana,Daviess,33397,7
Illinois,Ogle,51449,6
Illinois,St. Clair,254796,1
Idaho,Boundary,12561,9
Illinois,Ford,13511,3
Illinois,DeKalb,100414,1
Illinois,Cass,12773,6
Illinois,Brown,6421,9
Illinois,Edgar,16520,6
Illinois,Gallatin,4903,8
Illinois,Winnebago,283119,2
Idaho,Butte,2654,3
Idaho,Cassia,25164,6
Indiana,Jackson,46067,4
Idaho,Kootenai,179789,3
Illinois,Kendall,134867,1
Illinois,Bond,16596,1
Idaho,Madison,53881,4
Illinois,Iroquois,26827,8
Illinois,Wabash,11202,7
Illinois,Jersey,21333,1
Illinois,Randolph,30142,6
Idaho,Lewis,3715,8
Indiana,Tipton,15372,1
Idaho,Bonner,49491,6
Indiana,Spencer,19798,8
Indiana,LaGrange,40524,8
Idaho,Bannock,88263,3
Indiana,Lawrence,45070,6
Illinois,Menard,12164,3
Hawaii,Hawaii,202906,5
Illinois,Mercer,15582,2
Indiana,St. Joseph,272212,2
Georgia,White,28442,8
Indiana,Franklin,22842,1
Idaho,Clark,792,8
Idaho,Bonneville,127930,3
Idaho,Franklin,14666,3
Illinois,Lawrence,15152,9
Indiana,Posey,25116,2
Illinois,Morgan,32606,4
Indiana,Martin,9780,9
Illinois,Livingston,35664,6
Idaho,Elmore,28827,6
Indiana,Union,7047,8
Illinois,Montgomery,28084,6
Indiana,Parke,16407,8
Indiana,Benton,8714,3
Idaho,Lemhi,8162,9
Illinois,Champaign,205943,3
Indiana,Marion,971102,1
Illinois,Jefferson,36877,7
Indiana,Fountain,16427,8
Indiana,Boone,73052,1
Indiana,Putnam,36979,6
Indiana,Hamilton,356650,1
Indiana,Lake,498558,1
Indiana,Randolph,24387,6
Indiana,Monroe,139875,3
Illinois,Shelby,20789,8
Indiana,Blackford,12091,6
Iowa,Marshall,39853,4
Kansas,Rooks,4831,9
Iowa,Cherokee,11503,9
Kansas,Bourbon,14323,6
Indiana,Wells,28197,2
Kansas,Republic,4662,9
Kentucky,Boone,137412,1
Iowa,Adair,7541,8
Indiana,Vanderburgh,179987,2
Kansas,Greeley,1304,9
Kentucky,Ballard,7695,3
Kansas,Wyandotte,167046,1
Iowa,Mahaska,21984,7
Iowa,Monroe,7610,9
Iowa,Van Buren,7243,9
Iowa,Mitchell,10555,9
Kansas,Stafford,4034,9
Kansas,Edwards,2832,9
Kansas,Lane,1565,9
Kansas,Morton,2692,9
Kentucky,Christian,72357,2
Iowa,Chickasaw,11887,8
Iowa,Dickinson,17851,7
Kansas,Pottawatomie,25790,3
Iowa,Black Hawk,130368,3
Iowa,Butler,14332,8
Kansas,Wilson,8526,9
Iowa,Allamakee,13926,8
Kansas,Elk,2441,8
Iowa,Decatur,7659,9
Iowa,Union,12018,6
Kentucky,Bracken,8439,1
Kansas,Sherman,5895,9
Kansas,Clay,8077,8
Iowa,Dallas,103796,2
Kansas,Neosho,15784,7
Kansas,Woodson,3102,9
Iowa,O'Brien,14015,7
Kansas,Norton,5342,9
Iowa,Hardin,16708,6
Kansas,Hamilton,2484,9
Iowa,Humboldt,9634,7
Kansas,Wichita,2082,9
Iowa,Buena Vista,20771,7
Kansas,Brown,9455,8
Kentucky,Allen,20797,3
Iowa,Bremer,25081,3
Iowa,Clayton,16998,8
Kansas,Cherokee,19130,3
Kansas,Stevens,5293,9
Kansas,Comanche,1670,9
Indiana,Whitley,34430,2
Kentucky,Barren,44544,6
Kentucky,Bath,12778,8
Kansas,Wabaunsee,6966,3
Kentucky,Crittenden,8947,8
Kentucky,Carter,26412,2
Iowa,Webster,37147,5
Kentucky,Clark,36871,2
Kansas,Nemaha,10216,9
Iowa,Jackson,19368,6
Iowa,Harrison,14669,2
Iowa,Cass,13050,6
Kansas,Grant,7324,7
Kansas,Osage,15768,3
Kansas,Rice,9390,9
Kentucky,Boyd,47899,2
Iowa,Cerro Gordo,42706,5
Iowa,Scott,174170,2
Kansas,Osborne,3498,9
Kansas,Cloud,8928,7
Iowa,Boone,26723,3
Kansas,Sheridan,2478,9
Iowa,Wapello,35256,5
Kansas,Washington,5511,9
Iowa,Plymouth,25650,6
Kansas,Allen,12464,7
Kentucky,Clay,20206,9
Iowa,Louisa,10749,8
Kansas,Geary,35934,3
Iowa,Pocahontas,7074,9
Kansas,Phillips,4815,9
Kentucky,Anderson,24035,6
Kansas,Cowley,34496,4
Iowa,Shelby,11770,8
Kentucky,Bourbon,20229,2
Iowa,Crawford,16193,7
Kansas,Russell,6703,9
Kentucky,Cumberland,5879,9
Kentucky,Bullitt,82918,1
Iowa,Henry,20387,6
Iowa,Montgomery,10322,6
Kansas,Ness,2672,9
Iowa,Taylor,5868,9
Kansas,Barber,4110,9
Kansas,Lincoln,2903,9
Indiana,Warren,8475,3
Kansas,Finney,38107,5
Iowa,Davis,9138,9
Iowa,Kossuth,14529,7
Indiana,Vermillion,15341,3
Kansas,Mitchell,5748,9
Iowa,Poweshiek,18586,6
Kansas,Miami,34593,1
Iowa,Delaware,17510,8
Kansas,Marshall,9979,8
Kansas,Rawlins,2549,9
Iowa,Carroll,20692,7
Iowa,Audubon,5635,9
Kansas,Ford,34159,5
Kansas,Franklin,25986,6
Iowa,Clarke,9785,6
Iowa,Winneshiek,19892,7
Iowa,Howard,9478,8
Kentucky,Breckinridge,20651,8
Kansas,Pratt,9181,7
Kansas,Doniphan,7471,3
Kentucky,Carlisle,4791,3
Kansas,Thomas,7877,7
Iowa,Floyd,15413,7
Kansas,Dickinson,18459,6
Kansas,Wallace,1508,9
Iowa,Clay,16440,7
Kansas,Clark,1977,9
Iowa,Keokuk,9914,8
Iowa,Mills,14465,2
Kentucky,Butler,12294,3
Iowa,Winnebago,10656,9
Iowa,Lee,33215,7
Iowa,Lucas,8710,8
Iowa,Wright,12785,9
Iowa,Woodbury,105607,3
Kentucky,Clinton,9265,9
Iowa,Polk,496844,2
Kansas,Hodgeman,1710,9
Iowa,Warren,53402,2
Kansas,Anderson,7778,8
Iowa,Wayne,6508,9
Kentucky,Boyle,30747,7
Iowa,Lyon,12011,8
Kansas,Seward,21747,7
Iowa,Ida,6956,8
Kansas,Jefferson,18411,3
Kentucky,Daviess,103063,3
Iowa,Madison,16773,2
Iowa,Guthrie,10567,2
Iowa,Calhoun,9915,9
Iowa,Franklin,9952,9
Iowa,Cedar,18410,8
Kansas,McPherson,30146,7
Iowa,Pottawattamie,93304,2
Indiana,Washington,28102,1
Iowa,Hamilton,14887,6
Iowa,Buchanan,20657,6
Iowa,Ringgold,4639,9
Iowa,Appanoose,12257,7
Kansas,Graham,2400,9
Iowa,Jones,20805,2
Kansas,Crawford,39110,4
Kansas,Sedgwick,523828,2
Kansas,Logan,2722,9
Kansas,Johnson,613219,1
Kansas,Sumner,22385,2
Iowa,Muscatine,42688,4
Kansas,Gove,2755,9
Iowa,Fremont,6567,8
Kansas,Saline,53888,5
Iowa,Emmet,9321,7
Kansas,Barton,25216,7
Kansas,Scott,5131,9
Iowa,Benton,25691,2
Kentucky,Campbell,93050,1
Kansas,Douglas,119363,3
Iowa,Palo Alto,8906,9
Kansas,Jackson,13261,3
Iowa,Des Moines,38491,5
Kentucky,Calloway,37560,7
Kansas,Atchison,16239,6
Kansas,Gray,5644,9
Indiana,Wabash,30816,6
Iowa,Story,99472,3
Kansas,Ellsworth,6336,9
Kansas,Montgomery,31156,7
Kansas,Kearny,3891,9
Iowa,Grundy,12347,3
Kansas,Reno,61414,4
Iowa,Tama,16867,6
Iowa,Hancock,10663,9
Kansas,Chase,2598,8
Kansas,Marion,11712,8
Kansas,Kiowa,2392,9
Kansas,Rush,2953,9
Iowa,Clinton,46463,4
Kansas,Stanton,2044,9
Kansas,Riley,72208,3
Kentucky,Caldwell,12624,7
Kansas,Chautauqua,3395,9
Iowa,Adams,3641,9
Indiana,Warrick,64514,2
Iowa,Osceola,6159,9
Kansas,Ellis,28790,5
Iowa,Sac,9752,9
Indiana,Vigo,105994,3
Kentucky,Adair,18932,7
Kansas,Leavenworth,82184,1
Iowa,Monona,8574,8
Kansas,Shawnee,178264,3
Iowa,Sioux,35893,6
Iowa,Johnson,154748,3
Kansas,Trego,2793,9
Iowa,Greene,8717,8
Indiana,Wayne,66456,5
Kansas,Harper,5331,8
Iowa,Linn,228939,2
Kansas,Butler,67889,2
Kansas,Coffey,8338,8
Kansas,Greenwood,5939,8
Kentucky,Breathitt,13553,9
Kansas,Kingman,7392,8
Kansas,Cheyenne,2633,9
Iowa,Washington,22491,3
Kansas,Decatur,2751,9
Iowa,Dubuque,98718,3
Iowa,Jasper,37764,2
Kansas,Pawnee,6225,9
Kansas,Ottawa,5838,9
Kansas,Harvey,33817,2
Iowa,Fayette,19258,6
Kentucky,Carroll,10863,6
Kansas,Lyon,31998,4
Kentucky,Casey,15866,9
Kansas,Morris,5356,8
Kansas,Labette,19912,7
Louisiana,Ouachita,158768,3
Kentucky,Marion,19725,6
Michigan,Antrim,23813,8
Louisiana,Jackson,14876,6
Kentucky,Taylor,26235,7
Michigan,Genesee,404208,2
Kentucky,Henry,15657,1
Minnesota,Stearns,158947,3
Minnesota,Todd,25237,8
Mississippi,Tunica,9696,1
Maryland,Wicomico,103980,3
Kentucky,Kenton,169495,1
Louisiana,Jefferson,433688,1
Kentucky,Gallatin,8775,1
Maryland,Somerset,24584,3
Michigan,Charlevoix,26086,7
Michigan,Calhoun,133819,3
Kentucky,Graves,36615,6
Kentucky,Edmonson,12291,3
Louisiana,Union,21091,3
Michigan,Berrien,153101,3
Michigan,Baraga,8215,9
Kentucky,Rowan,24861,6
Louisiana,Calcasieu,205282,2
Kentucky,Shelby,48461,1
Massachusetts,Hampshire,161572,3
Louisiana,St. Bernard,44258,1
Maine,Kennebec,124486,4
Maryland,Caroline,33386,6
Michigan,Houghton,37313,5
Kentucky,Knott,14053,9
Louisiana,East Feliciana,19338,2
Kentucky,Logan,27771,6
Maryland,Kent,19270,6
Kentucky,Harlan,26164,7
Kentucky,Hickman,4424,8
Kentucky,Russell,18156,9
Kentucky,Simpson,19718,6
Kentucky,Green,11291,8
Louisiana,St. Charles,52282,1
Kentucky,Lewis,12987,8
Louisiana,Caddo,233092,2
Michigan,Clinton,79426,2
Massachusetts,Hampden,462718,2
Louisiana,Madison,9799,6
Kentucky,Leslie,10278,9
Maryland,Carroll,173873,1
Michigan,Arenac,14975,8
Kentucky,Trimble,8530,8
Maryland,Dorchester,32489,6
Kentucky,Meade,30131,1
Louisiana,Vernon,48027,4
Kentucky,Montgomery,28219,6
Michigan,Allegan,120950,4
Kentucky,Henderson,44329,4
Michigan,Bay,102985,3
Kentucky,Hart,19460,8
Kentucky,Laurel,62561,5
Louisiana,Lincoln,48152,4
Massachusetts,Norfolk,724505,1
Kentucky,Grant,25244,1
Michigan,Branch,44985,6
Michigan,Alcona,10235,9
Kentucky,Ohio,23688,6
Michigan,Gratiot,41544,6
Louisiana,Concordia,18376,6
Michigan,Huron,31252,9
Kentucky,Nelson,47098,1
Kentucky,Mercer,22850,6
Kentucky,Jackson,12984,9
Maine,Androscoggin,111034,3
Louisiana,Tangipahoa,135217,3
Minnesota,Rice,67262,4
Maryland,Frederick,279835,1
Michigan,Hillsdale,45546,6
Maryland,Talbot,37626,6
Michigan,Chippewa,36816,7
Kentucky,Johnson,22556,7
Louisiana,Allen,22687,6
Maryland,Garrett,28702,8
Louisiana,Morehouse,25025,3
Kentucky,Menifee,6194,9
Kentucky,Harrison,18950,6
Massachusetts,Franklin,71015,4
Louisiana,Tensas,4043,9
Kentucky,Wayne,19540,7
Louisiana,Franklin,19668,6
Michigan,Ingham,284034,2
Kentucky,Powell,13133,8
Louisiana,St. Mary,48232,4
Kentucky,Webster,12813,9
Michigan,Benzie,18223,3
Louisiana,Plaquemines,23303,1
Kentucky,Scott,58252,2
Louisiana,Assumption,20689,2
Michigan,Cheboygan,25752,7
Kentucky,Lee,7451,9
Maryland,Baltimore City,576498,1
Michigan,Dickinson,25787,7
Kentucky,Metcalfe,10349,9
Kentucky,Union,13544,8
Kentucky,Todd,12285,8
Maryland,Charles,168698,1
Louisiana,Bossier,129144,2
Louisiana,Iberville,29824,2
Maine,Oxford,58629,6
Kentucky,Fleming,15224,9
Louisiana,Natchitoches,37026,6
Louisiana,St. James,19742,1
Kentucky,Letcher,21253,9
Maine,York,214591,2
Kentucky,Owsley,3953,9
Kentucky,Elliott,7381,8
Maryland,Anne Arundel,590336,1
Kentucky,Woodford,27075,2
Kentucky,Lincoln,24243,9
Maine,Washington,31121,9
Maryland,Queen Anne's,50798,1
Kentucky,Hancock,9064,8
Louisiana,St. Landry,82071,4
Louisiana,St. Martin,51540,2
Kentucky,Knox,29909,7
Louisiana,East Baton Rouge,453301,2
Michigan,Delta,36826,5
Maryland,Prince George's,955306,1
Louisiana,Richland,19805,3
Michigan,Gogebic,14361,7
Massachusetts,Plymouth,533003,1
Kentucky,McLean,9100,3
Louisiana,Rapides,128654,3
Kentucky,Garrard,17362,8
Michigan,Barry,62992,1
Michigan,Alger,8821,9
Kentucky,Larue,15028,3
Michigan,Eaton,108944,2
Louisiana,De Soto,26919,2
Maryland,Montgomery,1054827,1
Kentucky,Pendleton,14607,1
Kentucky,Jessamine,53626,2
Louisiana,Evangeline,32215,6
Michigan,Alpena,28893,7
Louisiana,St. John the Baptist,42094,1
Louisiana,East Carroll,7220,8
Michigan,Ionia,67197,1
Kentucky,Whitley,36939,7
Louisiana,West Carroll,9594,8
Louisiana,Cameron,5080,2
Kentucky,Warren,137212,3
Massachusetts,Middlesex,1614742,1
Louisiana,Grant,22236,3
Massachusetts,Worcester,862029,2
Louisiana,Claiborne,14038,9
Louisiana,West Baton Rouge,27792,2
Kentucky,Robertson,2257,8
Massachusetts,Bristol,580164,1
Kentucky,Morgan,13820,9
Louisiana,Winn,13488,8
Kentucky,Rockcastle,16115,9
Louisiana,Jefferson Davis,32345,2
Kentucky,Marshall,31748,8
Maine,Knox,41084,7
Louisiana,Caldwell,9571,8
Kentucky,Hopkins,45138,5
Kentucky,Madison,94666,4
Maine,Somerset,50592,6
Maine,Penobscot,152765,3
Kentucky,Monroe,11233,8
Kentucky,Floyd,35274,7
Kentucky,Mason,16931,6
Louisiana,Acadia,57288,2
Kentucky,Greenup,35649,2
Kentucky,Martin,11140,8
Kentucky,Owen,11294,8
Louisiana,Pointe Coupee,20356,2
Maine,Piscataquis,17165,8
Michigan,Cass,51483,2
Massachusetts,Suffolk,771245,1
Maine,Aroostook,66859,7
Louisiana,St. Tammany,269388,2
Massachusetts,Barnstable,232411,3
Kentucky,McCracken,67454,3
Kentucky,Hardin,111607,3
Michigan,Gladwin,25485,8
Louisiana,Sabine,22135,8
Kentucky,Washington,12072,8
Louisiana,West Feliciana,15494,2
Louisiana,Iberia,68975,4
Louisiana,Terrebonne,108708,3
Kentucky,Magoffin,11497,9
Kentucky,Estill,14092,8
Louisiana,Beauregard,36584,6
Kentucky,Jefferson,777874,1
Maine,Cumberland,305231,2
Louisiana,Ascension,128369,2
Maryland,St. Mary's,114468,3
Louisiana,Bienville,12776,8
Louisiana,Lafourche,97504,3
Louisiana,Red River,7564,8
Maine,Waldo,39912,8
Maine,Hancock,56192,8
Maryland,Worcester,53132,4
Kentucky,Franklin,51682,4
Kentucky,Lawrence,16290,2
Maryland,Washington,154937,2
Michigan,Emmet,34225,7
Louisiana,LaSalle,14834,8
Maryland,Allegany,67729,4
Kentucky,Grayson,26524,6
Kentucky,Pulaski,65423,5
Louisiana,St. Helena,10912,2
Kentucky,Trigg,14192,2
Maine,Lincoln,35828,8
Kentucky,Spencer,19916,1
Kentucky,Wolfe,6507,9
Massachusetts,Essex,807074,1
Kentucky,Oldham,68685,1
Kentucky,Fulton,6512,9
Kentucky,Pike,57391,7
Louisiana,Lafayette,244205,2
Louisiana,Orleans,376971,1
Louisiana,Vermilion,57204,2
Maryland,Baltimore,849316,1
Kentucky,Perry,27929,7
Michigan,Crawford,13204,9
Massachusetts,Dukes,21097,7
Maine,Franklin,29687,8
Louisiana,Livingston,145830,2
Louisiana,Washington,45133,6
Louisiana,Catahoula,8805,9
Louisiana,Avoyelles,39236,6
Massachusetts,Nantucket,14491,7
Kentucky,Livingston,8959,3
Minnesota,Waseca,19000,6
Kentucky,Muhlenberg,30694,6
Kentucky,Lyon,8803,8
Michigan,Clare,31065,8
Mississippi,Newton,21056,8
Maryland,Cecil,103905,1
Massachusetts,Berkshire,128657,3
Kentucky,Nicholas,7712,8
Maryland,Howard,334529,1
Maryland,Harford,262977,1
Kentucky,Fayette,321793,2
Louisiana,Webster,36184,6
Kentucky,McCreary,16892,9
Michigan,Grand Traverse,95860,3
Maine,Sagadahoc,37071,2
Maryland,Calvert,93928,3
Mississippi,Perry,11571,3
Michigan,Oakland,1270017,1
Minnesota,Rock,9680,2
Michigan,Lake,12308,9
Mississippi,Noxubee,10123,9
Missouri,Audrain,24982,6
Missouri,Atchison,5234,9
Michigan,Lenawee,98956,4
Michigan,Iosco,25369,7
Mississippi,Choctaw,8106,9
Missouri,Adair,25185,7
Mississippi,Webster,9983,9
Minnesota,Freeborn,30749,7
Minnesota,Hubbard,21715,9
Minnesota,Murray,8144,9
Minnesota,Hennepin,1267416,1
Mississippi,Stone,18644,2
Minnesota,Winona,49630,4
Mississippi,Harrison,209396,2
Mississippi,Lawrence,11812,8
Missouri,Chariton,7356,8
Michigan,Oceana,26815,8
Minnesota,Polk,30757,3
Michigan,St. Joseph,60758,4
Mississippi,Monroe,33883,7
Michigan,Marquette,66103,5
Michigan,Midland,83457,3
Mississippi,Wayne,19709,9
Minnesota,Goodhue,47968,6
Minnesota,Houston,18778,3
Michigan,Luce,5309,9
Minnesota,Wright,144845,1
Michigan,Roscommon,23633,7
Minnesota,Mower,40158,4
Missouri,Bollinger,10556,3
Mississippi,Smith,14191,8
Minnesota,Steele,37349,5
Michigan,Otsego,25289,7
Mississippi,Leake,21196,8
Minnesota,Kanabec,16159,8
Mississippi,Lincoln,34943,6
Minnesota,Becker,35219,6
Mississippi,Claiborne,8908,8
Minnesota,Blue Earth,69280,3
Mississippi,Warren,43579,4
Michigan,Menominee,23299,7
Mississippi,Yalobusha,12415,9
Michigan,Mecosta,40031,6
Minnesota,Brown,25819,6
Michigan,Osceola,23105,9
Minnesota,Sibley,14917,8
Mississippi,Tate,28234,1
Minnesota,Traverse,3286,9
Michigan,Leelanau,22623,3
Missouri,Andrew,18002,3
Mississippi,Union,27953,7
Minnesota,Chisago,57469,1
Missouri,Carter,5320,9
Minnesota,Otter Tail,60046,6
Missouri,Christian,91499,2
Minnesota,Cass,30639,9
Minnesota,Beltrami,46380,7
Michigan,Montcalm,67220,1
Mississippi,Franklin,7676,9
Mississippi,Calhoun,13018,9
Mississippi,Lowndes,58150,5
Michigan,Missaukee,15130,8
Missouri,Cedar,14496,8
Mississippi,Panola,32851,6
Missouri,Bates,16105,1
Michigan,Newaygo,50296,6
Minnesota,McLeod,36735,4
Mississippi,Madison,109813,2
Minnesota,Stevens,9700,7
Michigan,Mason,29383,7
Mississippi,Simpson,25750,2
Mississippi,Carroll,9879,8
Minnesota,Fillmore,21271,3
Minnesota,Lac qui Parle,6684,9
Michigan,Keweenaw,2107,9
Minnesota,Ramsey,543257,1
Minnesota,Dodge,20935,3
Mississippi,Benton,7646,1
Mississippi,Yazoo,26373,2
Minnesota,Wabasha,21509,3
Minnesota,Grant,6153,9
Minnesota,Marshall,8988,8
Missouri,Barton,11658,8
Mississippi,Pontotoc,31445,9
Missouri,Butler,42101,5
Minnesota,Big Stone,5145,9
Minnesota,Kandiyohi,43767,4
Minnesota,Itasca,45070,6
Mississippi,Lee,82883,5
Mississippi,Leflore,27557,6
Minnesota,Morrison,33992,6
Minnesota,Redwood,15366,9
Missouri,Cass,109638,1
Mississippi,Humphreys,7551,8
Michigan,Kalamazoo,261108,2
Minnesota,Swift,9749,9
Mississippi,Adams,28742,7
Michigan,Presque Isle,13093,9
Mississippi,Jones,66744,4
Minnesota,Cook,5617,9
Michigan,Iron,11635,9
Mississippi,Lafayette,56884,4
Minnesota,Lincoln,5567,9
Michigan,Saginaw,189591,3
Mississippi,Jefferson Davis,11134,8
Michigan,Macomb,876792,1
Mississippi,Amite,12637,8
Mississippi,Attala,17742,6
Michigan,Ogemaw,20726,9
Minnesota,Pine,29302,8
Missouri,Buchanan,83853,3
Mississippi,Neshoba,28993,7
Minnesota,Watonwan,11135,8
Missouri,Cape Girardeau,82113,3
Mississippi,Tippah,21635,8
Michigan,Tuscola,52917,6
Michigan,Lapeer,88513,1
Minnesota,Benton,41459,3
Minnesota,Isanti,41906,1
Mississippi,Winston,17596,9
Minnesota,Wilkin,6395,8
Mississippi,Walthall,13836,9
Michigan,Ontonagon,5868,9
Missouri,Caldwell,8897,1
Minnesota,Pennington,13780,6
Mississippi,Montgomery,9729,9
Minnesota,Cottonwood,11569,9
Michigan,Muskegon,176511,3
Minnesota,Pope,11403,8
Mississippi,Washington,43687,5
Minnesota,Pipestone,9313,8
Missouri,Clark,6736,9
Minnesota,Lake of the Woods,3823,9
Mississippi,Copiah,27995,2
Minnesota,Nobles,21991,7
Minnesota,Kittson,4146,9
Mississippi,Sunflower,25402,7
Minnesota,Red Lake,3933,8
Minnesota,Olmsted,163436,3
Minnesota,Faribault,13909,8
Mississippi,Rankin,158096,2
Mississippi,Forrest,77875,3
Minnesota,Roseau,15258,9
Michigan,Wexford,33901,6
Mississippi,Hinds,222679,2
Minnesota,Nicollet,34332,3
Michigan,Monroe,155274,3
Michigan,Van Buren,75658,6
Mississippi,Jasper,16291,8
Mississippi,Issaquena,1280,9
Michigan,Kalkaska,17979,3
Minnesota,Anoka,367018,1
Minnesota,Lyon,25231,7
Missouri,Barry,34712,6
Michigan,Mackinac,10906,9
Minnesota,Clearwater,8576,8
Mississippi,Itawamba,23838,9
Mississippi,Tishomingo,18750,8
Mississippi,George,24762,8
Mississippi,Bolivar,30308,7
Mississippi,Prentiss,24996,7
Michigan,Schoolcraft,8030,9
Mississippi,Alcorn,34349,7
Michigan,Manistee,25350,6
Mississippi,Covington,18279,8
Minnesota,Koochiching,11941,7
Mississippi,DeSoto,188633,1
Missouri,Camden,43436,7
Minnesota,Carlton,36409,2
Mississippi,Chickasaw,17011,9
Michigan,Washtenaw,369390,2
Minnesota,Aitkin,15887,8
Mississippi,Pearl River,56503,6
Michigan,Jackson,160050,3
Michigan,Isabella,64813,4
Minnesota,Norman,6416,8
Minnesota,Meeker,23376,6
Missouri,Carroll,8376,8
Michigan,Montmorency,9297,9
Minnesota,Washington,272256,1
Missouri,Boone,185840,3
Michigan,Wayne,1774816,1
Minnesota,Mahnomen,5414,8
Minnesota,Scott,153268,1
Mississippi,Jefferson,7205,9
Minnesota,Lake,10986,8
Mississippi,Hancock,46055,2
Mississippi,Pike,39973,6
Michigan,Kent,658046,1
Michigan,Oscoda,8311,9
Mississippi,Clarke,15421,9
Missouri,Callaway,44638,3
Mississippi,Kemper,8829,9
Michigan,Livingston,195014,1
Minnesota,Douglas,39238,6
Minnesota,Yellow Medicine,9411,9
Minnesota,Jackson,9990,9
Mississippi,Holmes,16496,2
Mississippi,Sharkey,3663,8
Minnesota,Martin,19915,6
Minnesota,Renville,14608,9
Minnesota,Clay,65574,3
Mississippi,Greene,13630,8
Minnesota,Sherburne,99074,1
Minnesota,Dakota,442038,1
Minnesota,Le Sueur,28841,1
Mississippi,Wilkinson,8315,8
Minnesota,St. Louis,199182,2
Mississippi,Lamar,65353,3
Minnesota,Crow Wing,67270,4
Mississippi,Scott,27598,2
Mississippi,Tallahatchie,12366,9
Mississippi,Clay,18535,7
Mississippi,Grenada,21365,7
Michigan,St. Clair,160053,1
Minnesota,Carver,108626,1
Minnesota,Wadena,14177,9
Missouri,Benton,19908,9
Minnesota,Chippewa,12357,7
Minnesota,Mille Lacs,26867,1
Mississippi,Marshall,33725,1
Mississippi,Marion,24378,6
Mississippi,Coahoma,20810,6
Michigan,Ottawa,299157,1
Michigan,Shiawassee,67877,4
Mississippi,Jackson,143987,2
Mississippi,Oktibbeha,51842,5
Michigan,Sanilac,40506,8
Mississippi,Lauderdale,72088,5
Mississippi,Quitman,5935,8
